nombre,oyentes,reproducciones,biografia
Taylor Swift,5989745,3716657384,"Taylor Alison Swift is an American singer-songwriter. Her discography spans multiple genres, and her narrative songwriting, which is often inspired by her personal life, has received widespread media coverage and critical praise.  Swift rose to mainstream prominence with her sophomore studio album, Fearless (2008), a country pop record with crossover appeal. Aided by the top-five singles “Love Story” and “You Belong with Me”, Fearless was certified Diamond by the Recording Industry Recording Industry Association of America (RIAA). <a href=""https://www.last.fm/music/Taylor+Swift"">Read more on Last.fm</a>"
Shakira,4939814,183414959,"Shakira Isabel Mebarak Ripoll is a Colombian singer. Born and raised in Barranquilla, She made her recording debut with Sony Music Colombia at the age of 13. Following the commercial failure of her first two albums, Magia (1991) and Peligro (1993), she rose to prominence in Hispanic countries with her next albums, Pies Descalzos (1995) and Dónde Están los Ladrones? (1998). She entered the English-language market with her fifth album, Laundry Service (2001), which sold over 13 million copies worldwide. <a href=""https://www.last.fm/music/Shakira"">Read more on Last.fm</a>"
Beyoncé,6434581,708060557,"Beyoncé Giselle Knowles-Carter  (born September 4, 1981 in Houston, Texas, USA) is an American singer, songwriter, businesswoman, and actress. Beyoncé performed in various singing and dancing competitions as a child and rose to fame in the late 1990s as the lead singer of Destiny's Child, one of the best-selling girl groups of all time. Beyoncé herself is the best-selling black female musician of all time and second best-selling female artist of all time, behind only Madonna. <a href=""https://www.last.fm/music/+noredirect/Beyonc%C3%A9"">Read more on Last.fm</a>"
Rihanna,8359180,612131922,"Robyn Rihanna Fenty (born February 20, 1988), professionally known mononymously as Rihanna, is a Barbadian singer, songwriter, actress, businesswoman, entrepreneur and fashion designer.  She has attained fourteen Billboard Hot 100 number ones thus far and is the second Barbadian artist to win a Grammy Award. She is also a cultural ambassador for Barbados. In 2021, Rihanna was named a ""National Hero"" in her home country, earning her the title ""The Right Excellent.""  <a href=""https://www.last.fm/music/Rihanna"">Read more on Last.fm</a>"
Lady Gaga,7780825,1047223704,"Stefani Joanne Angelina Germanotta (born 28 March 1986), known professionally as Lady Gaga, is an American singer, songwriter, and actress. She is known for her image changes and musical versatility and is considered an influential figure in popular music. With estimated sales of 124 million records, she is among the best-selling music artists of all time. Publications such as Billboard and Rolling Stone have included her in lists of significant artists. <a href=""https://www.last.fm/music/Lady+Gaga"">Read more on Last.fm</a>"
Adele,5665588,321459407,"Adele Laurie Blue Adkins MBE (born May 5, 1988, in London, England) is an English singer and songwriter. After graduating in arts from the BRIT School in 2006, Adele signed a record deal with XL Recordings. Her debut album, 19, was released in 2008 and spawned the UK top-five singles ""Chasing Pavements"" and ""Make You Feel My Love"". The album was certified 8× platinum in the UK and triple platinum in the US. Adele was honoured with the Brit Award for Rising Star as well as the Grammy Award for Best New Artist. <a href=""https://www.last.fm/music/Adele"">Read more on Last.fm</a>"
Madonna,5716862,372167910,"Madonna Louise Ciccone (born August 16, 1958) is an American singer, songwriter, record producer, actress, and businesswoman. She is widely recognized for her influence on popular music, visual presentation, and music video production. Throughout her career, she has explored social, political, sexual, and religious themes in her work, often generating public debate and critical discussion. She is regarded as one of the most commercially successful and influential recording artists in popular music history. <a href=""https://www.last.fm/music/Madonna"">Read more on Last.fm</a>"
Britney Spears,6511637,501505752,"Britney Jean Spears  (born December 2, 1981 in McComb, Mississippi) is an American singer, songwriter, dancer and writer. She is credited with influencing the revival of teen pop during the late 1990s and early 2000s, for which she is referred to as the ""Princess of Pop"". Regarded as a pop icon, Spears has sold nearly 150 million records worldwide, including over 70 million solely in the United States, making her one of the world's best-selling music artists. <a href=""https://www.last.fm/music/Britney+Spears"">Read more on Last.fm</a>"
BLACKPINK,2032427,318339888,"BLACKPINK (Hangul: 블랙핑크; Katakana :ブラックピンク; stylized as BLΛƆKPIИK) is a four-member girl group formed by YG Entertainment, consisting of JISOO (지수), JENNIE (제니), ROSÉ (로제) and LISA (리사).  On May 31, 2016, YG Entertainment  began releasing individual teaser photos of the members for the agency's then-unnamed, upcoming girl group on Instagram, starting with Jennie the same day. This was followed by Lisa on June 7, Jisoo on June 14, and lastly Rosé on June 21. <a href=""https://www.last.fm/music/BLACKPINK"">Read more on Last.fm</a>"
Little Mix,1871879,114871114,"Little Mix is a British girl group formed in 2011 during the eighth series of the British version of The X Factor. The group has 3 members: Jade, Perrie, and Leigh-Anne. Originally a four-piece group, Jesy Nelson officially left the group on December 14, 2020, to focus on her solo career.  They were the first group to win the competition, and following their victory, they signed with Simon Cowell's record label Syco Music and released a cover of Damien Rice's ""Cannonball"" as their winner's single. <a href=""https://www.last.fm/music/Little+Mix"">Read more on Last.fm</a>"
Coldplay,9163192,786245568,"Coldplay is a British alternative rock and britpop band formed in London in 1997. They consist of vocalist and pianist Chris Martin, guitarist Jonny Buckland, bassist Guy Berryman, drummer Will Champion and creative director Phil Harvey. They met at University College London and began playing music together from 1996 to 1998, initially calling themselves Starfish. Coldplay's music incorporates elements of soft rock, pop rock, piano rock, and post-britpop. <a href=""https://www.last.fm/music/Coldplay"">Read more on Last.fm</a>"
Bad Bunny,2629626,418256269,"Benito Antonio Martínez Ocasio (born March 10, 1994), known professionally as Bad Bunny, is a Puerto Rican rapper and singer. He is recognized as a leading figure in Latin trap and has played a significant role in popularizing Spanish-language rap in global mainstream music. Bad Bunny became the first non-English-language artist to be Spotify's most-streamed artist of the year, achieving this distinction in three consecutive years from 2020 to 2022. His 2022 album ""Un Verano Sin Ti"" holds the record as the most-streamed album on Spotify. <a href=""https://www.last.fm/music/Bad+Bunny"">Read more on Last.fm</a>"
Queen,7279341,430315365,"Queen are a British rock band formed in London in 1970 by Freddie Mercury (lead vocals, piano), Brian May (guitar, vocals), and Roger Taylor (drums, vocals), later joined by John Deacon (bass). Their early music was influenced by progressive rock, hard rock, and heavy metal, but the band gradually incorporated more mainstream styles, including arena rock and pop rock.  Before Queen, May and Taylor played together in the band Smile. Mercury, a fan of Smile <a href=""https://www.last.fm/music/Queen"">Read more on Last.fm</a>"
Eminem,7841107,573808940,"Marshall Bruce Mathers III (born October 17, 1972 in St. Joseph, MO), known professionally as Eminem, is an American rapper, songwriter, record producer, and record executive. He is widely regarded as one of the greatest and most influential rappers of all time and is credited with popularizing hip hop in Middle America and contributing to the acceptance of white rappers in a predominantly Black genre. His work in the late 1990s and early 2000s was often controversial due to its transgressive content <a href=""https://www.last.fm/music/Eminem"">Read more on Last.fm</a>"
The Weeknd,5373837,1140740927,"Abel Makkonen Tesfaye, popularly known as The Weeknd (born February 16, 1990 in Toronto, Ontario, Canada), is a Canadian R&B/hip-hop musician, singer-songwriter and record producer. He chose his stage name in tribute to when he was 17 years old, when, along with his friend La Mar Taylor, he dropped out of high school, took his mattress, and ""left one weekend and never came home"". However, his estranged former producer Jeremy Rose claims the name was his idea. <a href=""https://www.last.fm/music/The+Weeknd"">Read more on Last.fm</a>"
Ed Sheeran,4257417,258702828,"Edward Christopher Sheeran (born 17 February 1991) is an English singer-songwriter. Born in Halifax, West Yorkshire, and raised in Framlingham, Suffolk, he began writing songs at around age eleven. In early 2011, he independently released the extended play ""No. 5 Collaborations Project"" and later that year signed with Asylum Records.  Sheeran's debut studio album, ""+"" (""Plus""), was released in September 2011 and reached number one on the UK Albums Chart. <a href=""https://www.last.fm/music/Ed+Sheeran"">Read more on Last.fm</a>"
Metallica,5222863,540150256,"Metallica is an American heavy metal band formed in Los Angeles in 1981 by vocalist and guitarist James Hetfield and drummer Lars Ulrich, and later based primarily in San Francisco. The band is regarded as one of the leading acts in thrash metal, alongside Megadeth, Anthrax, and Slayer. Its core lineup has long consisted of Hetfield, Ulrich, lead guitarist Kirk Hammett, and bassist Robert Trujillo. Former members include Dave Mustaine, who later formed Megadeth, and bassists Ron McGovney, Cliff Burton, and Jason Newsted. <a href=""https://www.last.fm/music/Metallica"">Read more on Last.fm</a>"
C. Tangana,494943,29972574,"Antón Álvarez Alfaro (born July 16, 1990), known professionally as C. Tangana, is a Spanish rapper and songwriter.He began his musical career while in high school, rapping under the pseudonym Crema and releasing a seven-track EP titled Él Es Crema (2006). He gained recognition in Spain as a member of the band Agorazein. In 2016, Tangana began performing as a solo act under the stage name C. Tangana.  After releasing a number of singles in 2016 <a href=""https://www.last.fm/music/C.+Tangana"">Read more on Last.fm</a>"
Michael Jackson,7005170,387015586,"Michael Joseph Jackson (August 29, 1958 - June 25, 2009) was an American singer, songwriter, dancer, and philanthropist. Commonly known as the ""King of Pop"", he was one of the most commercially successful and influential entertainers in popular music. His career spanned more than four decades, during which he achieved success both as a member of the Jackson 5 and as a solo artist. He contributed to the development of music videos as a prominent form <a href=""https://www.last.fm/music/Michael+Jackson"">Read more on Last.fm</a>"
Shawn Mendes,2777694,144496218,"Shawn Peter Raul Mendes is a Canadian singer. He gained a following in 2013, posting song covers on the video-sharing application Vine. The following year, he caught the attention of artist manager Andrew Gertler and Island Records A&R Ziggy Chareton, which led to him signing a deal with the record label. Mendes's self-titled debut EP was released in 2014, followed by his debut studio album Handwritten in 2015. Handwritten debuted atop the US Billboard 200, making Mendes one of five artists ever to debut at number one before the age of 18. <a href=""https://www.last.fm/music/Shawn+Mendes"">Read more on Last.fm</a>"
The Cranberries,4789159,161158367,"The Cranberries were an Irish rock band formed in Limerick in 1989. The group consisted of lead vocalist and guitarist Dolores O’Riordan, guitarist Noel Hogan, bassist Mike Hogan, and drummer Fergal Lawler. O’Riordan joined the band in 1990, replacing founding member Niall Quinn, and the group’s name was shortened from The Cranberry Saw Us to The Cranberries following her arrival. Although primarily classified as an alternative rock band, their music incorporated elements of indie rock <a href=""https://www.last.fm/music/The+Cranberries"">Read more on Last.fm</a>"
Garbage,2310575,74300838,"Garbage is a Scottish and American alternative rock band formed in 1993 in Madison, Wisconsin. The band's line-up consisting of Scottish singer Shirley Manson (vocals) and American musicians Duke Erikson (guitar, bass, keyboards), Steve Marker (guitar, keyboards), and Butch Vig (drums, production) has remained unchanged since its inception. All four members are involved in the songwriting and production process. Garbage has sold over 17 million albums worldwide. <a href=""https://www.last.fm/music/Garbage"">Read more on Last.fm</a>"
Blondie,3481899,76018537,"Blondie is an American rock band founded in New York City in 1974 by singer-songwriter Deborah Harry and guitarist Chris Stein. The band was a pioneer in the early American new wave and punk scenes of the mid-70s, developing their sound in famous NYC clubs such as CBGBs. With hits such as ""Atomic"", ""Call Me"". ""Heart of Glass"", and ""Maria"" as well as sales of over 40 million records worldwide, they were inducted into the Rock and Roll Hall of Fame in 2006. <a href=""https://www.last.fm/music/Blondie"">Read more on Last.fm</a>"
Pretenders,977156,10095950,"Pretenders are a rock band who came to prominence during the punk and new wave movement of the late 1970s due to their innovative songwriting and charismatic performances. The original band consisted of group founder, songwriter, vocalist, and rhythm guitarist Chrissie Hynde, lead and rhythm guitarist James Honeyman-Scott, bassist Pete Farndon, and drummer Martin Chambers. Save for Hynde, a native of Akron, Ohio, the original band members were all from the U. <a href=""https://www.last.fm/music/+noredirect/Pretenders"">Read more on Last.fm</a>"
Amaral,277895,7364480,"Amaral is a Spanish group, from the city of Zaragoza, made up of Eva Amaral - vocals and composer - and Juan Aguirre - guitarist and composer. The group's name is Eva's surname. Their music is pop and rock, with poetic lyrics about feelings. Eva's voice is deep, strong and very melodious.  Biography:  1993-2000: The group Amaral was created on January 1st 1997 with Eva Amaral, main vocalist and composer, and Juan Aguirre, guitarist and composer, as members. The name of the group is Eva's surname, and it was chosen by Juan. <a href=""https://www.last.fm/music/Amaral"">Read more on Last.fm</a>"
Roxette,1918124,41302203,"Roxette is a Swedish pop rock duo originally consisting of Marie Fredriksson and Per Gessle, both of whom were established musicians in Sweden prior to the group’s formation. Fredriksson had released several successful solo albums, while Gessle was known as the lead singer and principal songwriter of Gyllene Tider, which achieved three number-one albums in Sweden. Following advice from EMI executive Rolf Nygren, Fredriksson and Gessle collaborated on the single ""Neverending Love"" <a href=""https://www.last.fm/music/Roxette"">Read more on Last.fm</a>"
ABBA,4451571,195948345,"ABBA were a Swedish pop group formed in Stockholm in  1972 by Agnetha Fältskog, Björn Ulvaeus, Benny Andersson, and Anni-Frid Lyngstad. The group's name is an acronym of the first letters of their first names. They became one of the most commercially successful acts in the history of popular music, topping the charts worldwide from 1974 to 1982. ABBA won the Eurovision Song Contest 1974 at The Dome in Brighton, UK, giving Sweden its first triumph in the contest. They are the most successful group to have taken part in the competition. <a href=""https://www.last.fm/music/ABBA"">Read more on Last.fm</a>"
Evanescence,4571527,221737611,"Evanescence is a rock band founded in Little Rock, Arkansas, United States in 1995 by singer/pianist Amy Lee and guitarist Ben Moody (who left in 2003).   After recording private albums, the band signed to Wind-up Records and released their first full-length album, Fallen, in 2003, which sold more than 15 million copies worldwide and helped the band win two Grammy Awards. A year later, they released their first live album, Anywhere But Home, which sold more than one million copies worldwide. <a href=""https://www.last.fm/music/Evanescence"">Read more on Last.fm</a>"
Paramore,5700388,594911740,"Paramore is an American rock band formed in Franklin, Tennessee, in 2004. Since 2017, the band's lineup has included lead vocalist Hayley Williams, lead guitarist Taylor York, and drummer Zac Farro. Williams and Farro are founding members, while York, a high school friend of the original lineup, joined in 2007.  The band was signed to Fueled by Ramen, a subsidiary of Atlantic Records, while Williams was signed to Atlantic separately. The group's debut album <a href=""https://www.last.fm/music/Paramore"">Read more on Last.fm</a>"
La Oreja de Van Gogh,665598,19877493,"La Oreja de Van Gogh (English: Van Gogh's Ear) is a Spanish band. The name of the band references the Dutch painter Vincent Van Gogh who allegedly cut off his own ear. It was formed in Spain in 1996, when guitarist Pablo Benegas, bassist Álvaro Fuentes, keyboardist Xabi San Martín and drummer Haritz Garde met at university.  San Martin was the vocalist until Amaia Montero joined the band by request from Benegas, just after he met her at a dinner party. <a href=""https://www.last.fm/music/La+Oreja+de+Van+Gogh"">Read more on Last.fm</a>"
