id,title,genre_id,nb_tracks,release_date
14581762,Ride The Lightning (Remastered),464,8,2016-04-15
81931,Like a Virgin,132,11,1984-11-14
81934,True Blue,132,11,1986-06-11
1335314,Talk That Talk (Deluxe),132,14,2011-11-21
75700242,Booty,116,1,2018-10-24
575252501,THE TORTURED POETS DEPARTMENT: THE ANTHOLOGY,132,31,2024-04-19
928911381,ALGO TÚ,132,1,2026-03-04
7534614,Waterloo (Deluxe Edition),132,19,2014-01-01
112668,LOVG - Grandes Exitos,132,16,2008-06-18
430985247,un x100to,71,1,2023-04-17
978827301,I Feel So Free (Peggy Gou Energy Mix),113,1,2026-05-15
95100972,If I Can't Have You,132,1,2019-05-03
902084652,Lie To Me,152,4,2024-05-03
303161,Once More Into The Bleach,132,13,2003-03-03
976954,Till The World Ends The Remixes,132,8,2011-04-18
90112062,The Hobbit: The Desolation of Smaug (Original Motion Picture Soundtrack) (Special Edition),173,29,2013-12-10
752580671,Hero of the Day (Remastered),464,1,2025-05-09
905328702,Alone (Special Edition),152,27,2017-09-29
950341,Ladies & Gentlemen,132,29,2001-11-26
85545032,SQUARE UP,16,4,2019-01-30
368474187,Midnights,132,13,2022-10-21
98236492,Callaita,122,1,2019-05-31
748941391,Old Phone,132,1,2025-05-01
253100112,Summer Of Love,132,1,2021-08-20
241592402,Bad Habits (Acoustic Version),132,1,2021-07-09
82006,Confessions on a Dance Floor,132,12,2005-11-14
58679382,No Eres Tú,116,1,2018-03-14
104290392,The Lion King: The Gift,116,27,2019-07-19
9883740,It Must Have Been Love,132,3,2015-03-23
405123167,Tourism 30th Anniversary Edition,132,34,2023-02-17
1132644,The Platinum Collection (2011 Remaster),152,51,2011-06-27
574109801,THE TORTURED POETS DEPARTMENT,132,16,2024-04-19
1312875,Mylo Xyloto,152,14,2011-10-19
285757552,Dawn FM,165,16,2022-01-07
249950322,Take My Breath,165,1,2021-08-06
227447,Encore,116,20,2006-07-13
505383041,BLACKPINK IN YOUR AREA,16,9,2018-12-05
360706177,Tranquilísimo,116,1,2021-07-22
814817411,Play,132,13,2025-09-12
905339012,Version 2.0 (20th Anniversary Edition / Remastered 2018),152,12,2015-10-02
629506181,Die With A Smile,132,1,2024-08-16
732731521,Pretenders Live - Kick 'Em Where It Hurts! (Live Album),152,17,2025-06-13
167766152,folklore (deluxe version),85,17,2020-08-18
12988558,This Is What You Came For,106,1,2016-04-29
1398927,Invincible,132,16,2001-10-29
310478997,Te Felicito,116,1,2022-04-21
242962582,Kiss My (Uh Oh),132,1,2021-07-23
108710042,BLACKPINK 2018 TOUR 'IN YOUR AREA' SEOUL (Live),16,14,2019-08-30
452956315,Copa Vacía,197,1,2023-06-29
101490842,OASIS,116,8,2019-06-28
565889181,COWBOY CARTER,132,27,2024-03-29
648347821,Harlequin,129,13,2024-09-27
215894192,Corazón Cromado,132,7,2021-03-25
301232,Heart Of Glass,132,4,2005-07-05
374550707,Hold Me Closer (Acoustic),132,1,2022-11-18
905339062,Version 2.0 (20th Anniversary Deluxe Edition),152,22,2018-06-22
727466171,MUSIC,116,30,2025-03-14
303293,Blonde And Beyond,85,19,1993-11-16
250046,I AM...SASHA FIERCE,116,11,2008-11-14
286910,Music Of The Sun,132,13,2005-01-01
9629890,Fifty Shades Of Grey (Original Motion Picture Soundtrack),173,15,2015-02-09
41511111,Mala Mujer,116,1,2017-05-26
1075405,Born This Way (International Standard Version),132,15,2011-05-23
1075407,Born This Way (International Special Edition Version),132,23,2011-05-23
92094672,KILL THIS LOVE,16,5,2019-04-05
301274,Best Of Blondie,152,12,1983-10-28
977115,Run The World (Girls),132,1,2011-04-21
719915231,Antes de Morirme (feat. ROSALÍA),132,1,2016-07-05
41232611,After Laughter,85,12,2017-05-12
708827371,Hacia Lo Salvaje,132,12,2011-09-27
701495531,Crash! Boom! Bang!,132,15,1994-04-09
78887152,Un Veneno,116,1,2018-11-22
162035,8 Mile (Music From And Inspired By The Motion Picture),116,16,2002-10-29
474929395,Relentless,85,12,2023-09-15
708827381,Hacia Lo Salvaje (Deluxe Edition),132,24,2011-09-27
15659254,Shape of You (feat. Zion & Lennox) (Latin Remix),132,1,2017-03-01
594581752,Houdini,116,1,2024-05-31
76955902,…And Justice for All (Remastered),464,9,2018-11-02
725252,On Fire: Live At The Bowl,152,25,2011-01-01
191559942,Glory (Deluxe),132,23,2020-12-11
171925772,Thank You For The Music,132,66,1994-11-02
766124301,Sapphire,132,1,2025-06-05
316164367,Un Verano Sin Ti,197,23,2022-05-06
125203,To The Faithful Departed (The Complete Sessions 1996-1997),152,19,2002-01-01
906041622,No Exit,132,22,2025-09-26
723570971,Si Se Calla El Cantor (Juntxs por una #CulturaSegura),466,1,2020-11-05
702650651,Look Sharp!,132,13,1988-10-21
170344732,Un Susurro en la Tormenta,132,11,2020-09-18
255152432,Remembering Dolores,152,15,2021-09-06
238407992,Bad Habits,132,1,2021-06-25
906066232,Maria,132,5,2025-10-17
64629052,Hi-Lo (feat. Lindsey Stirling) (Radio Edit),85,1,2018-06-08
380094787,Anti-Hero (Acoustic Version),132,1,2022-11-25
6508869,Cold Shoulder,132,4,2008-07-12
915785,A Night At The Opera (2011 Remaster),152,12,2005-11-22
915786,A Night At The Opera (Deluxe Edition 2011 Remaster),152,18,2011-03-14
7090505,The Marshall Mathers LP2 (Deluxe),116,21,2013-11-05
411132237,Die For You (Remix),165,1,2023-02-24
168591702,Glory Days (Expanded Edition),132,21,2016-11-18
906148182,No Gods No Masters,85,19,2026-01-28
15319387,Castle on the Hill (Acoustic),132,1,2017-02-10
15319389,Shape of You (Acoustic),132,1,2017-02-10
119135,Bury The Hatchet (The Complete Sessions 1998-1999),152,19,2002-06-13
86371,The Immaculate Collection,132,17,1990-11-09
168591722,Get Weird (Expanded Edition),132,18,2015-11-06
299390,The Pop Hits,132,15,2003-03-24
957059461,Choka Choka,197,1,2026-04-10
467339,Twilight Original Motion Picture Soundtrack (International Special Edition),173,17,2008-11-03
74434962,A Star Is Born Soundtrack,173,34,2018-10-05
80278,The Singles,132,16,1987-10-26
280828311,Peru,132,1,2021-12-23
15454616,FIVE (Deluxe Edition),197,18,2017-02-24
669034911,Shawn,132,12,2024-11-15
206045612,El Madrileño,116,14,2021-02-26
343841197,BREAK MY SOUL (THE QUEENS REMIX),132,1,2022-07-26
572346801,WE STILL DON'T TRUST YOU,116,25,2024-04-12
181270962,Sweet Melody,132,1,2020-10-23
298326452,Bam Bam (feat. Ed Sheeran),132,1,2022-03-04
8436154,My Everything,132,12,2014-08-25
706922941,Abracadabra,132,1,2025-02-03
40018381,The Cure,132,1,2017-04-16
702667221,Joyride,132,15,1991-03-28
1401302,Laundry Service,197,13,2001-11-13
125398,Umbrella,165,1,2007-05-22
15438310,Something Just Like This,85,1,2017-02-22
6509033,Rolling in the Deep (Jamie xx Shuffle),132,1,2011-04-11
1645039,Blood For Poppies,85,1,2012-03-26
10017266,Bitch Better Have My Money,132,1,2015-03-26
54841842,Bury The Hatchet,152,13,1999-04-27
234248692,Yonaguni,122,1,2021-06-04
8081908,Evanescence (Deluxe Version),152,16,2011-10-07
8081906,Evanescence,152,12,2014-06-24
154364412,TRANSLATION,132,15,2020-11-02
109054,Gold,132,31,2008-03-11
244223,I AM...SASHA FIERCE,132,16,2008-11-14
770314751,Load (Remastered),464,14,1996-06-04
903739902,Bleed Like Me (Remastered 2024),152,28,2024-04-05
1956351,The Visitors (Deluxe Edition),132,16,2012-04-23
722147851,MAYHEM,132,14,2025-03-07
303627,Viva La Vida or Death and All His Friends,152,10,2008-05-26
693008911,DeBÍ TiRAR MáS FOToS,197,17,2025-01-05
88596,Pretenders II,132,12,1981-06-01
645478941,Soltera,132,1,2024-09-25
260157992,My Universe,85,3,2021-09-27
1149484,Set Fire to the Rain (Remixes),132,4,2011-07-04
841775662,Camera (CYRIL Remix),132,1,2025-10-31
900563502,Long Time,152,1,2026-01-28
356913,Riot!,85,14,2007-06-11
234168882,BLACKPINK 2021 'THE SHOW' LIVE,16,15,2021-06-01
671744571,Die With A Smile (Acoustic),132,1,2024-10-30
277422652,Across The Universe,152,1,2021-12-17
478964285,THE GIRLS (BLACKPINK THE GAME OST),16,1,2023-08-25
102484542,BLOW,132,1,2019-07-05
456489535,The Idol Episode 4 (Music from the HBO Original Series),173,3,2023-06-23
1241662,The Best of / Break Up the Concrete,132,36,2008-09-23
7776833,XSCAPE,132,17,2014-05-09
14535238,Everglow,85,2,2016-11-11
89510472,Hyperion,106,10,2019-03-08
746059,21,132,11,2011-02-22
92747,Hard Candy (Deluxe Digital),132,15,2008-04-28
133878352,YHLQMDLG,122,20,2020-02-29
6443604,Paramore,85,17,2013-04-05
301663,Parachutes,152,10,2000-07-10
940646,Femme Fatale (Deluxe Version),132,16,2011-03-28
14996073,Shape of You,132,1,2017-01-06
292625002,Baladas En Español (Complete Collection),132,16,1996-10-21
504410731,"BLACKPINK ARENA TOUR 2018 ""SPECIAL FINAL IN KYOCERA DOME OSAKA""",16,15,2019-03-13
187472492,Sweet Melody (Alle Farben Remix),113,1,2020-11-05
430871147,Avida Dollars,116,11,2018-04-20
233452142,Killer (Remix),116,1,2021-05-28
327260787,DON'T YOU WORRY,113,1,2022-06-17
272247412,Red (Taylor's Version),132,30,2021-11-12
43485811,Grateful,116,22,2017-06-23
14344820,Joanne (Deluxe),132,14,2016-10-21
182383222,DÁKITI,197,1,2020-10-30
183603832,Confetti,132,13,2020-11-06
8548989,Cheek To Cheek (Deluxe),129,15,2014-09-23
303743,Viva La Vida (Prospekt's March Edition),152,18,2008-05-26
753142401,Crash! Boom! Bang! 30th Anniversary Edition,132,44,2024-12-06
86712972,ARTPOP,132,14,2019-02-08
269122192,Voyage,132,10,2021-11-05
146399902,Help! (Abbey Road Sessions November 1995),132,1,2020-05-08
9007781,1989 (Deluxe),132,19,2014-10-27
13083302,Hymn for the Weekend (Seeb Remix),113,1,2016-03-25
705649321,Hurry Up Tomorrow,165,22,2025-01-31
80554,Like a Prayer,132,11,1989-03-17
50913962,Perfect (Acoustic),132,1,2017-11-10
1249965,+,132,16,2011-09-09
107184,Girls And Guitars,132,12,2007-09-17
80126642,reputation Stadium Tour Surprise Song Playlist,132,46,2018-11-30
150946482,Emmanuel,122,22,2020-05-29
1378999,Ay Haiti!,132,1,2010-03-30
7293624,Do What U Want,132,1,2014-01-01
68491961,Red (Deluxe Edition),-1,22,2013-05-14
731048631,Ma Meilleure Ennemie ft. Coldplay,173,2,2025-04-04
668521151,Dolce Vita,85,15,2024-11-29
75621062,Bohemian Rhapsody (The Original Soundtrack),173,22,2018-10-19
115989192,Súper Sangre Joven,116,10,2019-11-01
340077257,RENAISSANCE,132,16,2022-07-29
82541262,X 100PRE,122,15,2018-12-23
99027,El Viaje de Copperpot,132,13,2000-09-07
892838612,In the End,85,11,2019-04-26
53314262,Guerrera,116,1,2017-12-15
370666207,Lift Me Up (From Black Panther: Wakanda Forever - Music From and Inspired By),132,2,2022-10-28
418720487,Eyes Closed,132,1,2023-03-24
72429,B'Day Deluxe Edition,165,20,2007-04-03
162683632,folklore,85,16,2020-07-24
80900852,Live in Buenos Aires,85,24,2018-12-07
8307448,Skyfall,85,1,2012-10-04
66163452,Only You,106,1,2018-06-22
879733502,MDNA,132,12,2012-01-01
256250622,Metallica (Remastered 2021),152,12,1991-07-30
63126272,In My Blood (Acoustic),132,1,2018-05-11
82146052,Pa' Llamar Tu Atención (feat. Mc Binn),116,1,2019-01-24
6703877,Right Now (Remixes),113,14,2013-01-01
11748100,Handwritten (Revisited),132,16,2015-11-20
583457542,¿Qué vas a saber?,152,1,2024-05-31
299784,The Ballad Hits,132,15,2002-11-04
103115532,No.6 Collaborations Project,132,15,2019-07-12
191154962,Wonder (Holiday Deluxe),132,16,2020-12-05
94528282,Lemonade,132,13,2016-04-23
749460251,LO MISMO DE SIEMPRE,197,17,2025-05-18
48479002,Ídolo,116,12,2017-10-06
15385387,Lost Whispers,152,12,2017-02-17
299821,A Rush of Blood to the Head,152,11,2002-08-08
663089971,Heart of Gold,132,1,2024-11-01
125748,The Marshall Mathers LP,116,18,2000-05-16
119606,Curtain Call: The Hits,116,17,2005-01-01
125767,Stars: The Best Of The Cranberries 1992-2002,152,20,2002-09-24
349741897,Celestial,132,1,2022-09-29
103248,The Eminem Show,116,20,2002-05-26
72000342,Kamikaze,116,13,2018-08-31
641319771,Dancing In The Flames,165,1,2024-09-13
263017,Decode,173,2,2009-01-16
644664171,Libre,85,1,2024-09-27
970728301,CONFESSIONS II,113,16,2026-07-03
262126462,Ateo,116,1,2021-10-07
842595202,¿Y ahora qué +?,138,13,2025-11-21
265114512,Pretenders (Deluxe Edition),152,55,1980-01-11
770317201,Load (Remastered Deluxe Box Set),464,233,2025-06-13
902118292,Something Else,85,13,2017-04-28
58041242,CNCO,132,14,2018-04-06
971750301,The Devil Wears Prada 2 (Music From The Motion Picture),132,13,2026-05-01
1121182,The Game (2011 Remaster),152,10,2011-06-27
1205152,Number Ones,132,18,2003-11-17
177111972,Wonder,132,1,2020-10-02
258980,"Oro ""Grandes Exitos""",132,15,1999-01-01
299943,Parallel Lines (Remastered),152,16,2001-08-30
299945,Eat To The Beat,152,16,2001-08-30
59757482,"My Dear Melancholy,",165,6,2018-03-30
299946,Blondie (Remastered 2001),152,16,2001-09-11
177111982,THE ALBUM,16,8,2021-08-03
6120369,Unapologetic (Deluxe),132,17,2012-11-19
77777842,LM5 (Expanded Edition),132,18,2018-11-16
116736962,Yelo,116,1,2020-01-09
815311811,MAYHEM,132,17,2025-09-03
14652356,Starboy,165,18,2016-11-25
9163719,BEYONCÉ [Platinum Edition],132,20,2014-11-24
11107272,Beauty Behind The Madness,165,14,2015-08-28
52755402,Loud,132,13,2011-01-19
99279,Dile al Sol,132,12,1998-05-18
6605779,Greatest Hits (Remastered),152,17,2011-01-01
96480212,I Don't Care,132,1,2019-05-10
285758422,Dawn FM,165,16,2022-01-07
786324441,JUMP,16,1,2025-07-11
52612062,reputation,132,15,2017-11-17
230646752,Esencial La Oreja de Van Gogh,138,30,2021-06-04
348005347,Pink Venom,16,1,2022-08-19
91109,Something to Remember,132,14,1995-01-01
119038952,Picaflor,85,1,2019-11-29
264774632,Tocarte,116,1,2021-10-28
221103082,Live,132,17,2021-04-08
11428844,Stitches (Seeb Remix),132,1,2015-10-16
428391407,72 Seasons,152,12,2023-04-14
13632500,Heart Of Glass (Crabtree Remix),132,1,2016-07-22
228023292,Heartbreak Anthem,113,1,2021-05-20
10187772,Pretty Girls,113,1,2015-05-04
1205244,B'Day Deluxe Edition,132,23,2007-05-29
9049085,The 30 Biggest Hits XXX,132,30,2014-11-03
273048582,Deezer Sessions,132,2,2021-11-17
896736262,Hate for Sale,152,10,2020-07-17
381967,Who's That Girl Soundtrack,132,9,1987-07-15
694277141,Heart of Glass,132,1,2025-01-29
221543452,Fearless (Taylor's Version),-1,26,2021-04-09
926950431,DEADLINE,16,5,2026-02-27
1236002,Innuendo (Deluxe Edition 2011 Remaster),152,17,2012-02-07
1236003,Made In Heaven (Deluxe Edition 2011 Remaster),152,19,2011-01-01
304164,Autoamerican (Remastered 2001),152,15,2001-08-30
1440807,Off the Wall,132,10,1983-07-04
100856872,Señorita,132,1,2019-06-21
265655342,Easy On Me,132,1,2021-10-14
105519,Hometown Glory,132,3,2008-07-20
7033906,Primera Fila,132,15,2013-10-28
400437,Blondie Singles Collection: 1977-1982,132,39,2009-10-16
269913152,Between Us (Deluxe Version),132,26,2021-11-12
11580496,Adventure of a Lifetime,85,1,2015-11-06
169258072,Club Future Nostalgia (DJ Mix),113,17,2020-08-28
835454042,I Wanna Go - John Summit Remix,113,1,2025-10-17
8244316,Circus (Deluxe Version),132,15,2008-12-02
1123422,Monster,85,1,2011-06-06
7539807,Shakira. (Expanded Edition) (Spanish Version),85,15,2014-03-24
359890017,This Is Why,85,1,2022-09-28
121957,"Everybody Else Is Doing It, So Why Can't We? (The Complete Sessions 1991-1993)",152,18,2002-01-01
302183,Baladas En Español,132,12,1996-10-21
72819,Thriller 25 Super Deluxe Edition,132,30,2008-02-08
65107062,Clandestino,132,1,2018-06-08
215604342,House Of Balloons (Original),165,9,2021-03-21
251454582,Visiting Hours,132,1,2021-08-19
1121401,Jazz (2011 Remaster),152,13,2011-06-27
64341122,Shawn Mendes,132,14,2018-05-25
339075,Viva El Amor,132,12,1999-06-22
259988612,My Universe,85,2,2021-09-24
339077,Last of the Independents,132,13,1994-06-01
339076,The Isle of View,132,15,2004-07-20
43918471,There's Nothing Holdin' Me Back (Acoustic),132,1,2017-07-07
222342,A las Cinco en el Astoria,132,13,2008-09-30
1475721,Greatest Hits II (Remastered),152,17,2011-01-01
799081611,A Little More,132,1,2025-08-07
49988752,Parallel Lines,132,12,2017-05-05
1242261,Essential,132,21,2011-09-09
906140822,Garbage (20th Anniversary Super Deluxe Edition),152,62,2015-10-02
876078232,Todos Estamos Bailando La Misma Canción,132,1,2025-12-31
91299,Ray of Light,132,13,1998-06-02
210212012,Break Up the Concrete,132,11,2012-01-25
74926,Greatest Hits: My Prerogative,132,27,2004-11-08
815082671,The Dead Dance,132,1,2025-09-03
103600,The Ultimate Collection: Jackson 5,132,21,1996-01-23
300209,Atomic/Atomix,132,29,2003-03-03
715226291,Nocturnal,85,14,2015-10-30
147221692,BLACKPINK 2019-2020 WORLD TOUR IN YOUR AREA -TOKYO DOME- (Live),16,12,2020-05-14
448875715,VULGAR,132,1,2023-06-09
490724565,Bring Me To Life (Demo / Remastered),152,2,2023-09-28
1408216,El Ultimo Adiós,132,4,2001-11-20
517337,All The Best (UK Version),132,17,2007-05-22
464090,Relapse: Refill,116,29,2009-12-21
902085852,Garbage (20th Anniversary Edition),152,12,2015-10-02
287965,Pon de Replay,132,2,2005-08-22
302305,Pájaros En La Cabeza,132,14,2005-03-14
363504867,Una y Mil Veces (Rumba),116,1,2022-10-06
293121252,The Joker And The Queen (feat. Taylor Swift),132,1,2022-02-11
50607332,MTV Unplugged (MTV Unplugged),132,11,2017-11-03
94713062,Ontas?,116,1,2019-04-26
109801,Lo Que Te Conte Mientras Te Hacias La Dormida,132,15,2003-03-30
1441004,Blackout,132,15,2007-10-25
179600622,Bien:(,116,5,2020-05-14
345328,Music,132,11,2000-09-18
614167792,The Death of Slim Shady (Coup De Grâce),116,19,2024-07-12
302867697,MOTOMAMI,132,16,2022-03-18
905334002,Witness to Your Love,152,4,2023-04-28
1486070,4,132,18,2012-01-06
102751482,Salto Al Color,138,13,2019-09-06
6874367,Pretenders,132,12,2004-08-03
902085892,Beautiful Garbage,152,13,2015-10-02
715169031,"Afterlife (from the Netflix Series ""Devil May Cry"")",85,1,2025-03-28
52538632,Perfect Duet (with Beyoncé),132,1,2017-11-30
109833,La Oreja de Van Gogh en Directo,132,18,2004-04-19
270644492,One Right Now,116,1,2021-11-05
668910861,Cosa Nuestra,116,18,2024-11-15
191409422,Wonder (Deluxe),132,24,2020-12-07
47846672,De Pie,116,1,2017-09-29
403447057,This Is Why,85,10,2023-02-10
283925,Fearless (International Version),-1,16,2009-03-08
137272602,After Hours,165,14,2020-03-20
561958172,Las Mujeres Ya No Lloran,132,17,2024-03-22
8985885,Filtr presents R&B Party,165,50,2014-11-14
625532191,Shawn,132,2,2024-08-09
9202981,A Sky Full of Stars (Hardwell Remix),85,1,2014-12-01
300328,X&Y,152,13,2005-06-07
922105131,Opalite (BUNT. Remix),132,1,2026-02-20
595243,Recovery,116,17,2010-01-01
726319,Greatest Hits II (2011 Remaster),152,17,2011-01-01
834075952,HOME,132,1,2025-10-10
107877682,The Fame Monster (Deluxe Edition),132,23,2019-08-23
105781,19,132,12,2008-06-16
198167862,evermore (deluxe version),85,17,2021-01-07
878771522,"Zoo (From ""Zootopia 2""/Japanese Single Version)",173,3,2025-12-18
423235,Bad Romance,132,1,2009-10-26
432293187,Double Fantasy,165,2,2023-04-21
78857542,Zootopia (Original Motion Picture Soundtrack / Japanese version),173,25,2018-11-02
408659277,MAÑANA SERÁ BONITO,116,17,2023-02-24
222442832,El Madrileño (Live at NPR's Tiny Desk),116,2,2021-04-20
739063121,WE PRAY (TWICE Version),85,1,2025-04-17
118080852,The Chain,152,1,2019-11-22
11898198,A Head Full of Dreams,85,11,2015-12-04
127270232,Music To Be Murdered By,116,20,2020-01-17
203644252,The Highlights,165,18,2021-02-05
736095581,Azizam,132,1,2025-04-04
6067552,Amaral 1998 - 2008 (Remastered Version),132,30,2012-11-27
6067558,Amaral 1998 - 2008 [Remastered] (Remastered Version),132,27,2012-11-23
188972392,EL ÚLTIMO TOUR DEL MUNDO,197,16,2020-11-27
212328,St. Anger,152,11,2003-06-05
264785262,Music Of The Spheres,85,12,2021-10-15
212357,Death Magnetic,464,10,2008-09-12
91531,Madonna,132,10,2005-07-05
77201,Dangerously In Love,132,15,2003-06-24
115000722,MALA SANTA,132,16,2019-10-17
476544405,Listen To Your Heart (Alle Farben Remix),132,3,2023-09-15
151092632,Chromatica,132,16,2020-05-29
627412381,"Deadpool & Wolverine: Madonna's ""Like a Prayer"" EP",132,3,2024-08-09
7964062,x (Deluxe Edition),132,16,2014-06-20
1422752,Pies Descalzos,197,11,1995-10-06
1422753,Donde Estan Los Ladrones,197,11,1998-09-29
1422755,Grandes Exitos,197,15,2002-11-05
212388,Reload,132,13,1997-11-18
212391,Garage Inc.,132,27,2008-08-18
212396,S&M,132,21,1999-11-23
466779565,K-POP,116,1,2023-07-21
492701101,Re: This Is Why,85,12,2023-10-06
43965871,Singles Club,85,3,2011-10-10
398626227,Gloria,132,13,2023-01-27
382760377,HEROES & VILLAINS,116,15,2022-12-02
89531,Pirate Radio,132,84,2006-03-28
1441212,Dangerous,132,14,1991-11-21
188661182,Despertar,138,1,2020-12-03
14581190,Kill 'Em All (Remastered),464,10,2016-04-15
7269831,BEYONCÉ,132,2,2013-12-20
423368,Michael Jackson's This Is It,132,20,2009-10-26
440030667,Acróstico (Milan + Sasha),132,1,2023-05-11
459457995,Oliveira Dos Cen Anos,116,1,2023-07-07
254901712,Heartbreak Anthem (Remixes),113,10,2021-09-03
977100241,No Quiero Más Canciones Tristes,132,1,2026-05-20
14581202,Hardwired…To Self-Destruct (Deluxe),152,26,2016-11-18
859209172,Anniversary | Oral Fixation (20th) and Pies Descalzos (30th) LIVE,132,5,2025-10-22
903779802,Anthology,152,35,2026-01-28
73799132,Lost In Japan (Remix),132,1,2018-09-27
169006562,Over Now,132,1,2020-08-28
499463651,nadie sabe lo que va a pasar mañana,197,22,2023-10-13
126369252,Me Gusta,116,1,2020-01-13
554467,Ay Haiti!,132,4,2010-04-20
902082022,Let All That We Imagine Be The Light,85,10,2025-05-30
1127912,Hot Space (Deluxe Edition 2011 Remaster),152,16,2011-09-13
41485811,"Y, ¿Si Fuera Ella? (+ Es +)",132,1,2017-05-19
5969396,Diamonds,132,1,2012-09-27
552439,Waka Waka (Esto es Africa) (feat. Freshlyground),132,1,2010-04-29
320941567,The World Is Not Enough (Original Soundtrack),173,19,2012-10-02
267392512,=,132,14,2021-10-29
1205761,Dangerously In Love,132,17,2003-03-10
946437631,Who Will You Follow,152,1,2026-04-10
224774,Cradle 2 The Grave,116,19,2007-09-13
276932102,It'll Be Okay,132,1,2021-12-02
363619847,If There Was A Man (1992 Remaster),132,2,2022-10-07
249353,Voulez-Vous,132,13,2001-01-01
265901582,Joyride 30th Anniversary Edition,132,52,2021-11-26
180440592,Tú Me Dejaste De Querer,116,1,2020-11-05
531119632,Burning Down the House,85,1,2024-01-31
71185,Guapa,132,15,2007-04-09
398869,Brand New Eyes,85,11,2009-09-25
273425942,30,132,12,2021-11-19
603416092,feelslikeimfallinginlove (Single Version),85,1,2024-06-21
6866470,The Essential Britney Spears,132,32,2014-07-29
126502,Arrival,132,12,2001-01-01
63651372,Happier (Acoustic),132,1,2018-05-25
93746,All We Know Is Falling,152,10,2005-07-26
321089,Moriría Por Vos,132,1,2007-05-25
365424197,Monotonía,116,1,2022-10-19
14460488,El Planeta Imaginario,132,12,2016-11-04
7132747,"Travelling The World Live at Caupolican, Santiago, Chile May 5, 2012",132,18,2013-12-06
40146511,Illuminate,132,13,2017-04-20
323151,The Hunter,152,12,2001-08-30
321105,Estrella De Mar,132,16,2002-02-04
126543,The Album,132,10,2008-09-11
7573078,Abba Gold Anniversary Edition,132,59,2014-04-07
497241,Listen,132,1,2010-02-10
442984025,WHERE SHE GOES,197,1,2023-05-18
753876571,Azizam (Acoustic),132,1,2025-05-23
75353,París,132,12,2004-05-10
321117,Una Pequeña Parte Del Mundo,132,13,2003-03-03
247879262,Yate,116,1,2021-08-13
60962402,Sanz: Lo que fui es lo que soy (Banda Sonora Original),132,21,2018-04-20
980745831,Dai Dai,2,1,2026-05-14
101842542,Diles,197,1,2016-08-26
321135,Gato Negro Dragón Rojo,132,19,2008-05-23
50321012,VIVES,197,18,2017-11-10
433789,The Fame Monster (International Deluxe),132,24,2009-01-01
168595072,Salute (Expanded Edition),132,21,2013-11-11
40146561,Illuminate (Deluxe),132,16,2017-04-20
450737795,I Think About You Daily,85,1,2023-06-16
91780,American Life,132,11,2003-04-21
9170563,Paramore (Deluxe Edition),85,29,2013-04-09
546733702,TEXAS HOLD 'EM,132,1,2024-02-11
774770311,Drive (From F1® The Movie),132,1,2025-06-20
349439627,Hold Me Closer,132,1,2022-08-26
392844,La Barrera Del Sonido,132,28,2009-09-22
75107992,Woman Like Me (feat. Nicki Minaj),113,1,2018-10-12
1431193,Un Año de Éxitos 2007,132,16,2007-10-05
309395097,Paradise Again,113,17,2022-04-15
126594712,Viene y Va,116,1,2020-01-23
161439,A Girl Like Me,132,14,2005-01-01
451561125,Popular (Music from the HBO Original Series),173,1,2023-06-10
958099111,RUNWAY,132,1,2026-04-10
753320,"HIStory - PAST, PRESENT AND FUTURE - BOOK I",132,30,2007-11-13
10563241,"Believe (From ""Descendants"")",173,1,2015-06-16
9760426,FourFiveSeconds,132,1,2015-01-24
40142511,Hard Times,85,1,2017-04-19
8015538,The Open Door,152,13,2014-06-24
356019,Misery Business,85,3,2007-08-04
295012022,Bad Habits (feat. Bring Me The Horizon),132,1,2022-02-08
21786301,Handwritten (Deluxe),132,16,2016-02-12
168586942,Bounce Back - EP,132,3,2019-06-14
270220992,Between Us,132,1,2021-11-05
912174791,Celebration (Deluxe Version),132,37,2009-09-29
433878,Rated R,132,13,2009-11-23
42014431,El Dorado,132,13,2017-05-27
53227232,Revival,116,19,2017-12-15
297617122,Look Sharp! 30th Anniversary Edition,132,52,2022-01-12
315512547,"Hold My Hand (Music From The Motion Picture ""Top Gun: Maverick"")",132,1,2022-05-03
8083174,Gato Negro Dragón Rojo,132,20,2008-05-23
983181031,"Everybody Else Is Doing It, So Why Can't We? (Deluxe / Remastered 2026)",152,33,2026-05-22
242452202,Volando (Remix),197,1,2021-07-08
56065772,Pray For Me,116,1,2018-02-02
6475501,4,132,14,2013-03-29
889071342,Linger (Acoustic Version),85,1,2026-01-28
493225711,DATA,116,20,2023-10-14
108447472,Lover,132,18,2019-08-23
13315821,Rarities,132,12,2016-06-10
13315825,Don't Bore Us - Get to the Chorus! Roxette's Greatest Hits,132,18,1995-10-23
161523,Eminem Presents The Re-Up,116,23,2006-12-04
8015598,Fallen,152,12,2014-06-24
51171052,Synthesis,85,16,2017-11-10
137217782,After Hours,165,14,2020-03-20
5814011,Bad 25th Anniversary,132,24,2012-09-17
104188,Good Girl Gone Bad: Reloaded,132,15,2008-06-17
59361022,Llorando en la Limo (feat. Alizzz),116,1,2018-03-22
1206015,Oops!... I Did It Again,132,12,2000-05-16
903794432,You Can't Hurt a Fool,152,1,2026-01-28
289273602,Toxic Pony,132,1,2022-01-21
41168651,There's Nothing Holdin' Me Back (NOTD Remix),132,1,2017-05-10
5814031,Bad (Remastered),132,11,2012-09-17
463865615,My Hero,85,2,2006-06-13
241429,If I Were A Boy,132,1,2008-10-17
14880539,25,132,11,2015-11-20
801396511,No Need To Argue (2025 Remastered),152,13,2025-08-15
295730982,El Madrileño (La Sobremesa),116,23,2022-02-18
504180521,1989 (Taylor's Version),132,21,2023-10-27
87855,Get Close (Expanded & Remastered),132,17,1986-11-04
11124530,Crazy In Love (Remix),132,1,2015-09-04
368506677,Midnights (3am Edition),132,20,2022-10-21
98355002,I Don't Care (Acoustic),132,1,2019-05-31
87875,Learning to Crawl (Expanded & Remastered),132,17,2007-05-15
225079122,Save Your Tears (Remix),165,1,2021-04-23
1372008,The Essential Michael Jackson,132,38,2005-07-18
247657,The Visitors,132,13,2001-01-01
8980335,Queen Forever,152,20,2014-01-01
917753711,Not Your Kind Of People (Deluxe Version),152,15,2012-05-22
187735922,Monster,132,1,2020-11-20
971140981,Repeat It,113,1,2026-05-15
357003127,BORN PINK,132,8,2022-09-16
361543547,Call on me (feat. Ed Sheeran),132,1,2022-10-07
96126,Thriller,132,9,1983-08-01
762429311,Fight Like A Girl (feat. K.Flay),152,1,2025-06-06
719914881,Persiguiéndonos,132,1,2016-11-08
8015746,Anywhere But Home (Live),152,14,2009-09-11
325507,Fading Like A Flower,132,6,2005-09-30
12279688,ANTI (Deluxe),132,16,2016-01-29
1206152,BLOOD ON THE DANCE FLOOR/ HIStory In The Mix,113,13,1997-05-19
395194257,"Shakira: Bzrp Music Sessions, Vol. 53/66",197,1,2023-01-11
71569,...Baby One More Time (Digital Deluxe Version),132,16,1999-01-12
71570,Britney (Digital Deluxe Version),132,15,2001-10-31
75775892,Dua Lipa (Complete Edition),132,25,2018-10-25
15478674,÷ (Deluxe),132,16,2017-03-03
261087122,Shivers (Acoustic Version),132,1,2021-10-01
917753751,Not Your Kind Of People,152,11,2012-05-22
650278821,Moon Music,85,10,2024-10-04
829966251,The Life of a Showgirl,132,12,2025-10-03
251821,19,132,22,2008-11-17
633352111,WE PRAY (TINI Version),85,1,2024-09-06
1238967,Loud,132,11,2010-11-16
1421245,In The Zone,132,13,2003-11-13
357003197,BORN PINK,132,8,2022-09-16
217023,B'Day,132,14,2006-08-29
1247174,Cometas Por El Cielo,132,11,2011-09-13
8679369,Ghost Stories,85,9,2014-05-19
303050,Greatest Hits,152,19,2002-09-19
461146065,Speak Now (Taylor's Version),-1,22,2023-07-07
7927764,Sale el Sol,132,16,2010-10-19
430036,Rated R,132,13,2009-11-23
81877,Erotica,132,13,1992-10-16
51001312,Master Of Puppets (Remastered),464,8,1986-03-03
100323,ABBA Gold,132,19,2005-10-07
960485,S&M Remix,132,1,2011-04-11
253927,The Fame,132,15,2008-11-24
168589292,DNA (Expanded Edition),132,22,2012-11-19
1232876,A Kind Of Magic (2011 Remaster),152,9,2011-09-05
1232879,The Miracle (2011 Remaster),152,10,2011-09-05
1232880,The Works (2011 Remaster),152,9,2011-09-05
65558512,Bien Duro,116,1,2018-06-22
7997428,A Sky Full of Stars,85,4,2014-06-29
7135221,Britney Jean (Deluxe Version),132,14,2013-12-02
350198,Relapse,116,20,2009-05-19
307290107,When You're Gone,132,1,2022-03-31
109643772,No Te Debí Besar,116,1,2019-09-12
709658621,Llévame Muy Lejos,85,1,2015-09-16
190869502,Wonder,132,14,2020-12-04
