id,title,duration,rank,album_id,contributors_bool
3579685431,The Fate of Ophelia,226,999852,829966251,False
3579685451,Opalite,235,999116,829966251,False
3579685471,Eldest Daughter,246,896333,829966251,False
3579685441,Elizabeth Taylor,208,966072,829966251,False
1976903157,Anti-Hero,200,869821,368474187,False
89077555,Shake It Off,219,948580,9007781,False
1976903137,Lavender Haze,202,805171,368474187,False
1053765292,this is me trying,195,655678,167766152,False
737967292,Cruel Summer,178,925289,108447472,False
89077547,Blank Space,232,856483,9007781,False
2035609347,Anti-Hero (Acoustic Version),196,675852,380094787,False
435491472,Don’t Blame Me,236,858101,52612062,False
89077549,Style,231,791510,9007781,False
595112162,I Don’t Wanna Live Forever (Fifty Shades Darker),245,813961,80126642,True
89077561,Wildest Dreams,220,792243,9007781,False
1031382712,cardigan,239,800033,162683632,False
1332676982,Love Story (Taylor’s Version),235,720740,221543452,False
435491492,Look What You Made Me Do,211,771957,52612062,False
3852472231,Opalite (BUNT. Remix),212,670000,922105131,True
737967452,Daylight,293,743521,108447472,False
2917264,Love Story,237,782366,283925,False
1332677012,You Belong With Me (Taylor’s Version),231,767552,221543452,False
2512293211,Out Of The Woods (Taylor's Version),235,676209,504180521,False
435491482,Delicate,232,749919,52612062,False
2757496031,I Can Do It With a Broken Heart,218,681288,575252501,False
1053765282,august,261,720386,167766152,False
2757496021,loml,277,661405,575252501,False
1976903187,"You're On Your Own, Kid",194,659350,368474187,False
1550966322,Red (Taylor's Version),223,640387,272247412,False
737967322,The Archer,211,655306,108447472,False
3579685481,Ruin The Friendship,220,683487,829966251,False
3579685491,Actually Romantic,163,681118,829966251,False
529117841,We Are Never Ever Getting Back Together,192,744371,68491961,False
435491442,...Ready For It?,208,777952,52612062,False
2753115381,Fortnight,228,701035,574109801,True
2757496121,So High School,228,671331,575252501,False
737967302,Lover,221,783471,108447472,False
3579685461,Father Figure,212,721763,829966251,False
529117801,I Knew You Were Trouble.,219,693650,68491961,False
2355587775,Enchanted (Taylor's Version),353,681739,461146065,False
1199760472,champagne problems,242,680211,198167862,False
1977132317,Karma,204,653030,368506677,False
3579685521,Wood,150,713296,829966251,False
2757496111,How Did It End?,238,607560,575252501,False
2757496161,The Prophecy,249,611265,575252501,False
3579685551,CANCELLED!,211,713584,829966251,False
435491522,Getaway Car,233,699982,52612062,False
1053765252,my tears ricochet,255,719172,167766152,False
737967312,The Man,190,742822,108447472,False
3579685501,Wi$h Li$t,207,694626,829966251,False
4015341011,Dai Dai,223,990618,980745831,True
3871739701,ALGO TÚ,213,949029,928911381,True
3720526422,Zoo,191,487510,878771522,True
2154046487,TQG,199,900596,408659277,True
3663852612,Hips Don't Lie Anniversary Version,208,909890,859209172,True
420364332,La Bicicleta,229,731832,50321012,True
3002724121,Soltera,214,775155,645478941,False
484274992,La tortura,213,810541,60962402,True
2103405097,"Shakira: Bzrp Music Sessions, Vol. 53/66",214,785475,395194257,True
15407606,"Ciega, Sordomuda",268,553639,1422753,False
364957401,Chantaje (feat. Maluma),195,885312,42014431,True
1960232517,Monotonía,158,733652,365424197,True
88897841,Hips Don't Lie (feat. Wyclef Jean),221,915398,8985885,True
15407626,Inevitable,193,585377,1422753,False
1718098247,Te Felicito,172,755699,310478997,True
142832906,Deja vu,196,606676,15454616,True
990604232,GIRL LIKE ME,221,784809,154364412,True
2278512877,Acróstico (Milan + Sasha),170,714883,440030667,False
364957431,Perro Fiel (feat. Nicky Jam),195,668472,42014431,True
3615690362,Bésame,201,315053,842595202,True
76066883,Can't Remember to Forget You (feat. Rihanna),207,863820,7539807,True
15211178,"Whenever, Wherever",196,861236,1401302,False
79589184,Addicted to You,148,726778,7927764,False
361103291,"Y, ¿Si Fuera Ella? (+ Es +)",249,549311,41485811,True
508790222,Clandestino,231,709466,65107062,True
15407617,Estoy Aquí,235,612811,1422752,False
14953998,Ay Haiti!,311,505131,1378999,True
79589178,Loca (feat. El Cata),185,851080,7927764,True
15407624,Si Te Vas,210,473653,1422753,False
850907702,Me Gusta,190,634657,126369252,True
2326105095,Copa Vacía,173,639610,452956315,True
6048762,Waka Waka (Esto es Africa) (feat. Freshlyground),203,768038,552439,True
15407627,Tú,216,504783,1422753,False
1790673757,DON'T YOU WORRY,196,619326,327260787,True
3948851331,Choka Choka,132,808868,957059461,True
13131047,Beautiful Liar,199,510746,1205244,True
586860862,Try Everything,196,832416,78857542,False
2710730372,La Fuerte,167,548993,561958172,True
79589198,Waka Waka (Esto Es Africa) K-Mix,187,729132,7927764,False
79589202,Rabiosa (feat. Pitbull),172,749708,7927764,True
364957381,Me Enamoré,226,672307,42014431,False
15407611,Ojos Así,237,621891,1422753,False
15274186,El Ultimo Adiós Varios Artistas Version,238,544358,1408216,True
2710730362,Puntería,181,610246,561958172,True
15407607,No Creo,233,465161,1422753,False
15209465,"Te Aviso, Te Anuncio (Tango)",223,498833,1401302,False
15487436,Las de la Intuición,220,553351,1431193,False
15408611,Que Me Quedes Tú,287,402738,1422755,False
15407629,Antología,254,619403,1422752,False
2710730402,(Entre Paréntesis),168,537804,561958172,True
1842063487,CUFF IT,225,826818,340077257,False
2553265,Halo,262,914030,250046,False
609244,Crazy In Love (feat. JAY-Z),235,927130,77201,True
10686934,Run the World (Girls),236,812255,977115,False
2658723742,TEXAS HOLD 'EM,233,929850,546733702,False
2485118,Single Ladies (Put a Ring on It),193,833188,244223,False
13131047,Beautiful Liar,199,510746,1205244,True
609381,Baby Boy (feat. Sean Paul),244,782936,77201,True
1842063507,BREAK MY SOUL,278,754379,340077257,False
669486722,All Night,322,827823,94528282,False
2726208331,BLACKBIIRD,131,614803,565889181,True
73724283,Drunk in Love (feat. JAY-Z),323,794069,7269831,True
2726208571,TYRANT,250,743229,565889181,True
2726208481,II MOST WANTED,208,649293,565889181,True
106693286,Crazy In Love (Remix),227,717652,11124530,False
2726208491,LEVII'S JEANS,257,696610,565889181,True
2726208391,BODYGUARD,240,627877,565889181,False
90408879,Partition,319,692323,9163719,False
2455091,If I Were a Boy,249,805102,241429,False
90408871,Haunted,369,766798,9163719,False
2485121,Diva,201,509786,244223,False
13138703,"Me, Myself and I",301,636790,1205761,False
1855429157,BREAK MY SOUL (THE QUEENS REMIX),356,507966,343841197,True
2726208341,16 CARRIAGES,227,541459,565889181,False
669486632,Hold Up,221,619713,94528282,False
1842063497,ENERGY (feat. Beam),117,625888,340077257,True
551209,Irreplaceable,228,584793,72429,False
2169145,Deja Vu (feat. JAY-Z) (Album Version),238,720366,217023,True
1842063477,ALIEN SUPERSTAR,215,675200,340077257,False
1842063467,COZY,210,590812,340077257,False
66190255,Love On Top,268,733154,6475501,False
2485123,Sweet Dreams,208,497662,244223,False
90408901,Drunk in Love Remix (feat. JAY-Z & Kanye West),395,562461,9163719,True
13138699,Naughty Girl,208,745342,1205761,False
90408887,XO,215,635158,9163719,False
1842063597,PURE/HONEY,288,606295,340077257,False
90408897,7/11,213,706129,9163719,False
715555772,BROWN SKIN GIRL,248,590471,104290392,True
551224,Freakum Dress (Album Version),201,275623,72429,False
1842063537,VIRGO'S GROOVE,369,551620,340077257,False
609370,Dangerously In Love,292,476572,77201,False
1842063557,HEATED,261,682943,340077257,False
1842063527,PLASTIC OFF THE SOFA,254,526179,340077257,False
16015024,1+1,275,279770,1486070,False
715555852,MY POWER,259,417856,104290392,True
66190266,Best Thing I Never Had,253,692882,6475501,False
669486672,Daddy Lessons,287,568181,94528282,False
5429931,"Listen (From the Motion Picture ""Dreamgirls"")",217,632601,497241,False
66190260,Dance for You,375,573788,6475501,False
2726208431,DAUGHTER,203,546698,565889181,False
123883254,This Is What You Came For,222,901610,12988558,True
14525574,We Found Love (Album Version),216,953231,1335314,True
925108,Don't Stop The Music,267,987446,104188,False
60978718,Diamonds,225,955912,5969396,False
13529563,Only Girl (In The World),235,965751,1238967,False
925106,Umbrella,275,958984,104188,True
62376291,Stay,241,957868,6120369,True
14525573,Where Have You Been (Album Version),242,935123,1335314,False
925118,Disturbia,238,919863,104188,False
118190292,Consideration,161,625277,12279688,True
118190312,Love On The Brain,224,908552,12279688,False
13529559,S&M,243,949369,1238967,False
118190296,Kiss It Better,253,858401,12279688,False
925109,Breakin' Dishes,200,891932,104188,False
13529560,What's My Name? (Album Version),264,809596,1238967,True
2953166,Pon de Replay,246,874408,286910,False
375689861,Wild Thoughts (feat. Rihanna & Bryson Tiller),204,821217,43485811,True
13529565,Man Down (Album Version),267,890979,1238967,False
1988270837,Lift Me Up (From Black Panther: Wakanda Forever - Music From and Inspired By),197,845269,370666207,False
118190298,Work,219,855875,12279688,True
4670273,Rude Boy,222,856825,430036,False
925119,Take A Bow,230,766877,104188,False
1171629,Umbrella (Radio Edit),256,774965,125398,True
925115,Rehab,294,763585,104188,False
95965912,FourFiveSeconds,188,806982,9760426,True
118190300,Desperado,186,707702,12279688,False
1574660,SOS (Album Version),238,821291,161439,False
118190302,Woo,235,749174,12279688,False
98087618,Bitch Better Have My Money,219,810821,10017266,False
118190304,Needed Me,191,819945,12279688,False
436510892,Love The Way You Lie (Part II) (Pt. 2),296,693344,52755402,True
925110,Shut Up And Drive,212,787014,104188,False
4711054,Russian Roulette,227,543986,433878,False
62376286,Pour It Up,161,706633,6120369,False
14299596,Princess of China,239,729144,1312875,True
62376287,Loveeeeeee Song,256,736992,6120369,True
925111,Hate That I Love You,219,715915,104188,True
4670276,Te Amo (Album Version),208,766245,430036,False
118190308,Same Ol’ Mistakes,397,651145,12279688,False
118190294,James Joint,72,537794,12279688,False
14525575,Talk That Talk (Album Version),209,587077,1335314,True
4711051,Hard,250,531788,433878,True
925107,Push Up On Me,195,473991,104188,False
1574666,Unfaithful (Album Version),226,792021,161439,False
68446596,Right Now (Dyro Radio Edit),185,459807,6703877,True
2962496,Pon de Replay (Radio Edit),214,572992,287965,False
10495059,S&M Remix,258,649769,960485,True
2953168,If It's Lovin' That You Want (Album Version),207,709546,286910,False
62376289,Right Now,182,664843,6120369,True
118190322,Sex With Me,206,767824,12279688,False
2947516331,Die With A Smile,250,997757,629506181,True
561856792,Always Remember Us This Way,210,950944,74434962,False
561856742,Shallow,216,968235,74434962,True
3214169391,Abracadabra,223,959879,706922941,False
2603558,Poker Face,237,956248,253927,False
3537990861,The Dead Dance,228,954462,815082671,False
3951817191,RUNWAY,171,922639,958099111,True
973317062,Rain On Me,182,785193,151092632,True
3097433281,Die With A Smile (Acoustic),251,772276,671744571,True
3991274621,Shape of a Woman,210,882209,971750301,False
4709944,Telephone,220,906620,433789,True
11747933,Judas,249,880973,1075407,False
4601933,Bad Romance,295,935033,423235,False
4709938,Alejandro,277,879590,433789,False
4709947,Just Dance,244,884457,433789,True
134525904,Million Reasons,205,767318,14344820,False
3538562871,Vanish Into You,245,571224,815311811,False
11747931,Born This Way,260,774438,1075407,False
4709948,LoveGame,216,741357,433789,False
3538562771,Disease,230,581514,815311811,False
4709950,Paparazzi,208,876444,433789,False
3538562841,Garden Of Eden,240,588337,815311811,False
629561092,Applause,212,803356,86712972,False
3538562881,Killah,211,548673,815311811,True
3538562851,Perfect Celebrity,229,590865,815311811,False
3538562891,Zombieboy,213,558047,815311811,False
11747946,The Edge Of Glory,320,701741,1075407,False
11747937,Bloody Mary,244,809946,1075407,False
3538562861,Can’t Stop the High,211,560250,815311811,False
561856952,I'll Never Love Again (Film Version),281,773479,74434962,True
1738831217,Hold My Hand,225,822892,315512547,False
3262333951,Shadow Of A Man,200,624530,722147851,False
3991274641,Glamorous Life,251,718637,971750301,False
561856962,I'll Never Love Again (Extended Version),329,708948,74434962,False
3538563001,Don't Call Tonight,226,631428,815311811,False
3262333921,LoveDrug,193,611908,722147851,False
629561022,ARTPOP,247,467800,86712972,False
629560982,G.U.Y.,232,623883,86712972,False
11747925,Yoü And I,307,294007,1075405,False
3017033911,Smile,222,564872,648347821,False
3538562971,How Bad Do U Want Me,239,553051,815311811,False
561856872,Is That Alright?,191,592930,74434962,False
350720621,The Cure,209,605146,40018381,False
973317102,911,172,578156,151092632,False
11747930,Marry The Night,264,596913,1075407,False
734508672,Monster,249,674802,107877682,False
973317122,Sour Candy,157,611147,151092632,True
73942324,Do What U Want,216,623367,7293624,True
84791919,It Don't Mean A Thing (If It Ain't Got That Swing),141,536811,8548989,True
561856672,La Vie En Rose,180,547461,74434962,False
1522223672,Easy On Me,224,913837,265655342,False
8086126,Rolling in the Deep,228,937444,746059,False
8086130,Set Fire to the Rain,242,938361,746059,False
1557137132,Oh My God,225,844214,273425942,False
82715364,Skyfall,286,918197,8307448,False
138546001,When We Were Young,290,774158,14880539,False
138545995,Hello,295,831893,14880539,False
940355,Hometown Glory,271,883173,105781,False
138546009,Love In The Dark,285,873888,14880539,False
138545997,Send My Love (To Your New Lover),223,766364,14880539,False
8086128,Turning Tables,250,748614,746059,False
8086131,He Won't Go,278,671064,746059,False
8086135,Lovesong,316,727082,746059,False
1557137152,I Drink Wine,376,731208,273425942,False
8086133,I'll Be Waiting,241,645695,746059,False
8086129,Don't You Remember,243,654442,746059,False
8086127,Rumour Has It,223,707477,746059,False
8086134,One And Only,348,634404,746059,False
138546005,Water Under the Bridge,240,672224,14880539,False
138546013,All I Ask,271,711935,14880539,False
940332,Chasing Pavements,210,685602,105781,False
1557137142,Can I Get It,210,616710,273425942,False
8086132,Take It All,228,534081,746059,False
138546011,Million Years Ago,227,652134,14880539,False
2577961,Melt My Heart to Stone,203,622203,251821,False
138546003,Remedy,245,583564,14880539,False
138546007,River Lea,225,524888,14880539,False
1557137112,My Little Love,389,565397,273425942,False
1557137192,To Be Loved,403,545472,273425942,False
1557137182,Hold On,366,567171,273425942,False
138545999,I Miss You,348,567254,14880539,False
138546015,Sweetest Devotion,251,449996,14880539,False
940328,Daydreamer,220,486274,105781,False
938077,Hometown Glory,218,701457,105519,False
2577965,Right As Rain,197,542299,251821,False
1557137162,All Night Parking (with Erroll Garner) Interlude,161,508806,273425942,False
2577944,Chasing Pavements (Live at Hotel Cafe),232,395109,251821,False
1557137122,Cry Your Heart Out,255,494966,273425942,False
1557137082,Strangers By Nature,182,493469,273425942,False
2577960,Crazy For You,208,422907,251821,False
66537475,Cold Shoulder (Basement Jaxx DUBB),410,239341,6508869,True
2577949,Right As Rain (Live at Hotel Cafe),212,345695,251821,False
938083,Hometown Glory (High Contrast Remix),396,427660,105519,True
2577952,Make You Feel My Love (Live at Hotel Cafe),232,412420,251821,False
940351,Tired,258,252007,105781,False
12527490,Set Fire to the Rain (Moto Blanco Edit),215,356721,1149484,True
1557137202,Love Is A Game,403,493620,273425942,False
2577951,My Same (Live at Hotel Cafe),185,298909,251821,False
66539032,Rolling in the Deep (Jamie xx Shuffle),257,449385,6509033,True
940341,First Love,190,445107,105781,False
2321977215,Popular (From The Idol Vol. 1 Music from the HBO Original Series),215,884287,451561125,True
3988410701,Bring Your Love,216,745134,970728301,True
664507,Like a Prayer,340,911457,80554,False
678372,La Isla Bonita,242,943913,81934,False
3988410671,I Feel So Free,303,679432,970728301,False
794020,4 Minutes (feat. Justin Timberlake and Timbaland),246,840730,92747,False
679217,Hung Up,337,917400,82006,False
783915,Love Profusion,216,735624,91780,False
778758,Frozen,367,739040,91299,False
723903,Vogue,317,862504,86371,False
678369,Live to Tell,351,763159,81934,False
678329,Material Girl,240,709601,81931,False
4010593821,I Feel So Free (Peggy Gou Energy Mix),267,671129,978827301,True
3824997381,Like a Prayer,342,742578,912174791,False
723861,Material Girl,233,787844,86371,False
2941492131,Like a Prayer (Battle Royale Mix from “Deadpool & Wolverine”),168,648356,627412381,True
3824997371,Into the Groove,285,789531,912174791,False
723836,Holiday,245,757670,86371,False
3667551,Music,225,718643,345328,False
778704,Ray of Light,322,583279,91299,False
679225,Sorry,281,723737,82006,False
679221,Get Together,314,576220,82006,False
678336,Like a Virgin,218,754763,81931,False
3824997331,4 Minutes (feat. Justin Timberlake & Timbaland),189,673662,912174791,True
679240,Jump,238,675885,82006,False
679237,Forbidden Love,262,528932,82006,False
679232,I Love New York,275,508223,82006,False
679229,Future Lovers,301,511733,82006,False
3667561,American Pie,273,575852,345328,False
678363,Papa Don't Preach,268,683597,81934,False
723867,Crazy for You (Edit),225,614061,86371,False
679244,Isaac,359,492184,82006,False
679235,Let It Will Be,260,469534,82006,False
778697,Swim,300,450528,91299,False
4094775,Who's That Girl,239,606523,381967,False
778768,The Power of Good-Bye,251,630681,91299,False
3723476822,Gang Bang,326,198061,879733502,False
1855429157,BREAK MY SOUL (THE QUEENS REMIX),356,507966,343841197,True
3824997421,Express Yourself,239,509174,912174791,False
3824997361,Like a Virgin,188,742918,912174791,False
677585,Deeper and Deeper,333,476244,81877,False
776930,Take a Bow,321,618943,91109,False
781018,Holiday,370,621644,91531,False
2311545335,VULGAR,155,494264,448875715,True
778688,Drowned World / Substitute for Love,308,520700,91299,False
3667558,What It Feels Like for a Girl,283,516344,345328,False
3824997661,Celebration,215,532593,912174791,False
3667557,Don't Tell Me,281,551744,345328,False
783901,Hollywood,262,606898,91780,False
678333,Angel,236,424525,81931,False
540175,...Baby One More Time,210,956742,71569,False
2010880097,Hold Me Closer (Acoustic),202,639504,374550707,True
15391618,Toxic,201,896147,1421245,False
13142617,Oops!...I Did It Again,210,854617,1206015,False
15589893,Gimme More,251,915879,1441004,False
82199332,Womanizer,223,878952,8244316,False
1879746947,Hold Me Closer,202,773722,349439627,True
10287259,Till the World Ends,237,770071,940646,False
72569034,Work Bitch,248,763979,7135221,False
10287262,I Wanna Go,210,830227,940646,False
540191,I'm a Slave 4 U,203,746343,71570,False
82199334,Circus,192,776508,8244316,False
70016998,3,213,662634,6866470,False
540176,(You Drive Me) Crazy,200,688902,71569,False
582258,(You Drive Me) Crazy (The Stop Remix!),196,596687,74926,False
2168030,Everytime,233,715140,74926,False
3595459862,I Wanna Go - John Summit Remix,163,688442,835454042,True
15589895,Radar,229,636640,1441004,False
540177,Sometimes,245,642376,71569,False
15589894,Piece of Me,212,662502,1441004,False
540197,I Love Rock 'N' Roll,185,529622,71570,False
10287270,Criminal,225,780497,940646,False
540180,From the Bottom of My Broken Heart,312,436013,71569,False
82199342,If U Seek Amy,217,719233,8244316,False
10686161,Till The World Ends (Alex Suarez Radio Remix),236,342184,976954,True
15392960,Early Mornin',225,341865,1421245,False
13142668,Lucky,204,630530,1206015,False
15392959,Me Against the Music (feat. Madonna) (LP Version / Video Mix),224,610909,1421245,True
15589905,Get Back (Main Version),229,623658,1441004,False
540179,Born to Make You Happy,243,619925,71569,False
10287260,Hold It Against Me,229,576038,940646,False
1168694672,Slumber Party,214,485050,191559942,False
13142618,Stronger,203,626607,1206015,False
15391617,Breathe on Me,223,503380,1421245,False
72569035,Perfume,240,471625,7135221,False
1628628622,Toxic Pony,198,602446,289273602,True
540194,"I'm Not a Girl, Not Yet a Woman",231,574849,71570,False
99491574,Pretty Girls,164,538106,10187772,True
540192,Overprotected (Radio Edit),198,672615,71570,False
10287264,(Drop Dead) Beautiful (feat. Sabi),216,448460,940646,True
15390628,(I Got That) Boom Boom (feat. Ying Yang Twins),291,500715,1421245,True
15589901,Hot as Ice,196,382989,1441004,False
15589898,Get Naked (I Got a Plan),285,566420,1441004,False
15589896,Break the Ice,196,594329,1441004,False
15589900,Toy Soldier,201,411488,1441004,False
15589903,Perfect Lover,182,402286,1441004,False
15589897,Heaven On Earth,292,378827,1441004,False
15589904,Why Should I Be Sad,190,392872,1441004,False
15589902,Ooh Ooh Baby,208,469303,1441004,False
15589899,Freakshow,175,360815,1441004,False
3454677991,JUMP,164,957816,786324441,False
657797522,Kill This Love,189,765936,92094672,False
3866248761,GO,195,818430,926950431,False
2513182741,"Kiss and Make Up (BLACKPINK ARENA TOUR 2018 ""SPECIAL FINAL IN KYOCERA DOME OSAKA"")",190,379580,504410731,False
1873466547,Pink Venom,187,754338,348005347,False
623470292,DDU-DU DDU-DU,209,756431,85545032,False
2516649591,BOOMBAYAH,240,799107,505383041,False
2516649631,AS IF IT’S YOUR LAST,212,521032,505383041,False
568846222,Kiss and Make Up,189,643735,75775892,True
1097366392,How You Like That,181,785048,177111982,False
1915471137,Shut Down,176,762688,357003127,False
1097366432,Lovesick Girls,193,653791,177111982,False
2421238185,THE GIRLS (BLACKPINK THE GAME OST),162,689657,478964285,False
1097366412,Pretty Savage,199,703233,177111982,False
1915471857,Typa Girl,179,284004,357003197,False
1097366442,Crazy Over You,162,608955,177111982,False
1097366402,Ice Cream,176,723648,177111982,True
1915471187,Tally,184,528684,357003127,False
657797542,Kick It,191,543736,92094672,False
3866248771,Me and my,172,701663,926950431,False
973317122,Sour Candy,157,611147,151092632,True
3866248781,Champion,172,725958,926950431,False
1915471167,Hard to Love,163,548059,357003127,False
657797552,Hope Not,191,492918,92094672,False
657797562,DDU-DU DDU-DU (Remix),201,450752,92094672,False
2516649611,PLAYING WITH FIRE,195,509874,505383041,False
2513182701,"LET IT BE ～ YOU & I ～ ONLY LOOK AT ME / ROSE (BLACKPINK ARENA TOUR 2018 ""SPECIAL FINAL IN KYOCERA DOME OSAKA"")",296,305675,504410731,False
3866248801,Fxxxboy,187,622032,926950431,False
1097366452,Love To Hate Me,170,671420,177111982,False
1390398322,BOOMBAYAH (Live),173,438659,234168882,False
657797532,Don't Know What To Do,201,563359,92094672,False
1915471177,The Happiest Girl,222,577233,357003127,False
623470302,Forever Young,236,646780,85545032,False
1061083882,Kiss and Make Up (Remix) [Mixed],141,397084,169258072,True
739443452,SOLO (Live),182,354268,108710042,False
1915471197,Ready For Love,185,569477,357003127,False
955173302,Forever Young (Japan Version / BLACKPINK 2019-2020 WORLD TOUR IN YOUR AREA -TOKYO DOME-),255,315145,147221692,False
623470322,See U Later,198,519570,85545032,False
1097366462,You Never Know,229,541324,177111982,False
1390398192,Kill This Love (Live),192,395467,234168882,False
1915471157,Yeah Yeah Yeah,179,508102,357003127,False
623470312,Really,197,501010,85545032,False
1390398302,WHISTLE (Live),214,338389,234168882,False
1390398212,How You Like That (Live),179,422186,234168882,False
739443402,DDU-DU DDU-DU (Live),210,327913,108710042,False
955173432,As If It's Your Last (Japan Version / BLACKPINK 2019-2020 WORLD TOUR IN YOUR AREA -TOKYO DOME-),223,262123,147221692,False
739443532,STAY (Live),261,308966,108710042,False
1390398202,Crazy Over You (Live),176,374022,234168882,False
1390398282,Pretty Savage (Live),202,346157,234168882,False
1390398312,As If It's Your Last (Live),224,342212,234168882,False
1540130952,Black Magic,208,680619,269913152,False
1364224722,Heartbreak Anthem,183,673589,228023292,True
1057395102,Power,247,678297,168591702,False
1057370212,Change Your Life,201,484428,168589292,False
1057395222,Love Me Like You,197,529165,168591722,False
1478113032,Heartbreak Anthem (Misha K & Galantis Gold Rush VIP),172,251307,254901712,True
1540130972,Touch,213,607806,269913152,False
580705342,Wasabi,154,548049,77777842,False
1057394972,Power (feat. Stormzy),243,612135,168591702,True
1057394992,Oops (feat. Charlie Puth),204,433203,168591702,True
1540131102,"Secret Love Song, Pt. II",265,586969,269913152,False
1057394932,Shout Out to My Ex,243,654304,168591702,False
1129500572,Holiday,213,501245,183603832,False
1057421082,Salute,236,552161,168595072,False
1428003402,Kiss My (Uh Oh),176,262088,242962582,True
1117483882,Sweet Melody,213,569465,181270962,False
1057370262,We Are Who We Are,184,290516,168589292,False
1540130992,Wings,219,603608,269913152,False
1057421212,See Me Now,224,260692,168595072,False
1057395242,Secret Love Song (feat. Jason Derulo),250,636619,168591722,True
1057395272,I Love You,249,288762,168591722,False
1541789792,Between Us,235,218391,270220992,False
1057395072,Is Your Love Enough?,229,376723,168591702,False
467664232,Reggaetón Lento (Remix),186,598013,58041242,True
1057370202,DNA,236,292303,168589292,False
580705292,Monster In Me,225,351332,77777842,False
515558682,Only You,188,527774,66163452,True
1129500602,Happiness,197,455971,183603832,False
565349942,Woman Like Me (feat. Nicki Minaj),226,531011,75107992,True
1540131142,Confetti (feat. Saweetie),185,479951,269913152,True
1057370272,How Ya Doin'? (feat. Missy Elliott),215,474656,168589292,True
1057370392,Cannonball,205,316105,168589292,False
1057395372,Hair (feat. Sean Paul),233,546536,168591722,True
1129500662,Rendezvous,176,365358,183603832,False
1057395312,Love Me or Leave Me,206,549738,168591722,False
1057395112,No More Sad Songs,206,369869,168591702,False
1057421142,Competition,207,263090,168595072,False
580705272,Think About Us,235,430150,77777842,False
1057394962,F.U.,237,277552,168591702,False
1057359912,Bounce Back,161,427902,168586942,False
1057421182,Good Enough,232,326507,168595072,False
1057394982,No More Sad Songs (feat. Machine Gun Kelly),225,538548,168591702,True
580705302,Joan of Arc,191,467076,77777842,False
1057421102,Little Me,235,542571,168595072,False
1147331022,Sweet Melody (Alle Farben Remix),201,312222,187472492,True
1057395352,Clued Up,246,203818,168591722,False
580705372,Notice,214,353579,77777842,False
1129500562,Break Up Song,200,498561,183603832,False
1057395252,Hair,208,458432,168591722,False
1057370222,Always Be Together,268,327617,168589292,False
3128096,Yellow,266,941322,301663,False
3157972,Viva La Vida,242,951268,303627,False
3098840,The Scientist,309,946673,299821,False
3106505,Fix You,295,907858,300328,False
86044525,Always in My Head,216,617025,8679369,False
142706538,Something Just Like This,247,896671,15438310,True
114811546,Hymn for the Weekend,258,932951,11898198,False
3098841,Clocks,307,912080,299821,False
14299589,Paradise,278,928383,1312875,False
1499336092,My Universe (Acoustic Version),223,649485,260157992,True
111482314,Adventure of a Lifetime,263,906516,11580496,False
3128095,Sparks,227,867900,301663,False
1498546032,My Universe,228,831964,259988612,True
86044527,Magic,285,527761,8679369,False
2960517791,WE PRAY (TINI Version),233,523732,633352111,True
3128092,Don't Panic,136,692928,301663,False
86044531,True Love,246,527430,8679369,False
3098838,In My Place,226,807701,299821,False
3128097,Trouble,273,808993,301663,False
86044541,O,323,648743,8679369,False
2852427372,feelslikeimfallinginlove (Single Version),237,798800,603416092,False
14299593,Every Teardrop Is a Waterfall,240,696615,1312875,False
80134624,A Sky Full of Stars (Radio Edit),236,812572,7997428,False
114811548,Everglow,282,665263,11898198,False
3106511,The Hardest Part,262,640784,300328,False
114811572,Fun (feat. Tove Lo),267,552527,11898198,False
114811528,A Head Full of Dreams,223,653306,11898198,False
599314362,Fix You (Live in Buenos Aires),327,527557,80900852,False
3024257771,GOOD FEELiNGS,217,655866,650278821,True
3106506,Talk,311,655509,300328,False
3106508,Speed of Sound,287,761708,300328,False
124606176,Hymn for the Weekend (Seeb Remix),212,724649,13083302,True
114811538,Birds,229,585701,11898198,False
135988866,Everglow (Edit),227,618590,14535238,False
3160074,Life in Technicolor ii,245,596122,303743,False
3289333851,Ma Meilleure Ennemie ft. Coldplay,201,827305,731048631,True
14299596,Princess of China,239,729144,1312875,True
3098837,Politik,318,571129,299821,False
3314045411,WE PRAY (TWICE Version),247,646654,739063121,True
86044529,Ink,228,621868,8679369,False
1518077882,People of The Pride,217,590488,264785262,False
3157973,Violet Hill,222,596008,303627,False
1518077932,Coloratura,617,485044,264785262,False
90760041,A Sky Full of Stars (Hardwell Remix),313,546842,9202981,True
1518077822,Higher Power,206,740253,264785262,False
1518077862,Let Somebody Go,241,694737,264785262,True
114811604,Up&Up,405,579089,11898198,False
86044535,Another's Arms,234,448362,8679369,False
3024257731,MOON MUSiC,276,584681,650278821,True
14299590,Charlie Brown,285,695527,1312875,False
3171002981,NUEVAYoL,183,977729,693008911,False
3171003131,DtMF,237,981279,693008911,False
3171003001,BAILE INoLVIDABLE,367,971935,693008911,False
3171002991,VOY A LLeVARTE PA PR,156,957189,693008911,False
3171003121,EoO,204,979885,693008911,False
3171003091,CAFé CON RON,228,963433,693008911,True
3171003141,LA MuDANZA,213,903142,693008911,False
3171003021,WELTiTA,187,903028,693008911,True
3171003031,VeLDÁ,235,862087,693008911,True
1741494417,Ojitos Lindos,258,892142,316164367,True
1741494317,Tití Me Preguntó,243,975674,316164367,False
1122450992,DÁKITI,205,981990,182383222,True
2496106371,MONACO,267,926553,499463651,False
1741494307,Me Porto Bonito,178,882418,316164367,True
3086954731,Qué Pasaría...,191,923289,668910861,True
3171003011,PERFuMITO NUEVO,200,859457,693008911,True
889550982,Safaera,295,756359,133878352,True
3171003071,KLOuFRENS,199,782843,693008911,False
3171003081,TURiSTA,190,851286,693008911,False
1741494477,Me Fui de Vacaciones,180,774458,316164367,False
3171003101,PIToRRO DE COCO,206,791000,693008911,False
3171003041,EL CLúB,222,837380,693008911,False
1741494287,Moscow Mule,245,854132,316164367,False
2242449097,un x100to,194,751430,430985247,True
1741494357,Neverita,173,729834,316164367,False
889550892,Yo Perreo Sola,172,815152,133878352,False
1155477802,LA NOCHE DE ANOCHE,203,888859,188972392,True
3171003111,LO QUE LE PASÓ A HAWAii,229,901540,693008911,False
702421822,LA CANCIÓN,242,864362,101490842,True
1425937972,Volando (Remix),273,689386,242452202,True
1741494407,Enséñame a Bailar,176,747487,316164367,False
2289342455,WHERE SHE GOES,231,804160,442984025,False
1390823292,Yonaguni,206,756310,234248692,False
3171003051,KETU TeCRÉ,250,778888,693008911,False
2496106511,NO ME QUIERO CASAR,225,682064,499463651,False
1741494377,Efecto,213,735574,316164367,False
1741494427,Dos Mil 16,208,629574,316164367,False
889550882,La Santa,206,713442,133878352,True
704054322,Diles,286,693007,101842542,True
608410292,La Romana,300,844071,82541262,True
686020062,Callaita,250,871887,98236492,True
3171003061,BOKeTE,215,792861,693008911,False
1741494347,Tarot,237,684748,316164367,True
608410332,MIA,210,923398,82541262,True
889550852,Si Veo a Tu Mamá,170,690988,133878352,False
2473410281,MOJABI GHOST,232,733191,493225711,True
776076902,Mayores,202,739331,115000722,True
1741494437,El Apagón,201,736959,316164367,False
972627922,Hasta Que Dios Diga,246,635575,150946482,True
1741494327,Un Ratito,176,668043,316164367,False
9997018,Bohemian Rhapsody (Remastered 2011),354,959624,915785,False
12209331,Don't Stop Me Now (Remastered 2011),212,949599,1121401,False
12206946,Another One Bites The Dust (Remastered 2011),217,939107,1121182,False
15928225,I Want It All (Remastered 2011),242,748086,1475721,False
12274786,Under Pressure (Remastered 2011),247,926707,1127912,True
7868649,Radio Ga Ga (Remastered 2011),343,837120,726319,False
7868651,I Want To Break Free (Remastered 2011),259,841328,726319,False
568120932,Somebody To Love,298,863348,75621062,False
7868647,A Kind Of Magic (Remastered 2011),263,826388,726319,False
568120962,Killer Queen,182,812158,75621062,False
67503808,We Are The Champions (Remastered 2011),181,822311,6605779,False
9997023,You're My Best Friend (Remastered 2011),170,611897,915786,False
568121132,The Show Must Go On,271,848638,75621062,False
10392098,Somebody to Love,318,605011,950341,True
568121002,Crazy Little Thing Called Love,164,734267,75621062,False
568121042,I Want To Break Free,223,705043,75621062,False
13459069,I Want To Break Free (Remastered 2011),201,829700,1232880,False
12274785,Cool Cat (Remastered 2011),209,745626,1127912,False
12325122,You Don't Fool Me (Remastered 2011),325,689222,1132644,False
88845371,Love Of My Life (Remastered 2011),219,735356,8980335,False
7868654,Breakthru (Remastered 2011),249,518917,726319,False
7868655,Who Wants To Live Forever (Remastered 2011),297,695783,726319,False
12325120,Too Much Love Will Kill You (Remastered 2011),260,524572,1132644,False
13459022,One Year Of Love (Remastered 2011),267,352648,1232876,False
568121022,We Will Rock You (Movie Mix),129,691443,75621062,False
67503795,Fat Bottomed Girls (Remastered 2011),255,674772,6605779,False
12325129,Princes Of The Universe (Remastered 2011),213,640689,1132644,False
67503796,Bicycle Race (Remastered 2011),184,618718,6605779,False
13499093,I Was Born To Love You (2011 Remaster),290,529036,1236003,False
12325094,Good Old-Fashioned Lover Boy (Remastered 2011),176,660639,1132644,False
12325114,Friends Will Be Friends (Remastered 2011),249,357881,1132644,False
12325106,It's A Hard Life (Remastered 2011),247,365090,1132644,False
568121122,Don't Stop Me Now (...Revisited),218,715793,75621062,False
568121062,Who Wants To Live Forever,316,754008,75621062,False
13499094,Heaven For Everyone (Remastered 2011),336,508556,1236003,False
67503799,Save Me (Remastered 2011),229,474369,6605779,False
12325093,Now I'm Here (Remastered 2011),255,369998,1132644,False
13459071,Hammer To Fall (Remastered 2011),267,558139,1232880,False
9997010,I'm In Love With My Car (Remastered 2011),185,421736,915785,False
9997008,Death On Two Legs (Dedicated To...) (Remastered 2011),223,497682,915785,False
13459057,I Want It All (Remastered 2011),281,584930,1232879,False
568121112,We Are The Champions (Live Aid),237,595170,75621062,False
12325116,One Vision (Remastered 2011),243,356395,1132644,False
12325097,Seven Seas Of Rhye (Remastered 2011),170,352731,1132644,False
9997012,'39 (Remastered 2011),211,542993,915785,False
12325110,The Miracle (Remastered 2011),295,347008,1132644,False
12325096,Flash (Remastered 2011),168,477253,1132644,False
12325095,Play The Game (Remastered 2011),213,368860,1132644,False
7856476,Bohemian Rhapsody (Live At Milton Keynes Bowl / June 1982),338,452423,725252,False
13499078,These Are The Days Of Our Lives (2011 Remaster),256,260611,1236002,False
1109731,Lose Yourself,326,980436,119606,False
916424,Without Me,290,961431,103248,False
1109739,Mockingbird,251,964816,119606,False
6461440,Love The Way You Lie,263,932417,595243,True
916445,Till I Collapse,297,908564,103248,True
1109730,Stan,403,908779,119606,True
854914322,Godzilla,211,837285,127270232,True
1109737,The Real Slim Shady,284,936115,119606,False
72160317,The Monster,250,897975,7090505,True
916426,Sing For The Moment,339,815366,103248,False
916427,Superman,350,862794,103248,True
1109733,Shake That,275,750186,119606,True
2825782592,Houdini,228,827494,594581752,False
6461432,Not Afraid,251,863428,595243,False
1109729,My Name Is,268,748192,119606,False
1109727,The Way I Am,291,719924,119606,False
916414,Cleanin' Out My Closet,297,754671,103248,False
548348732,Venom (Music From The Motion Picture),270,752403,72000342,False
916419,Soldier,226,602401,103248,False
3729755,Beautiful,392,687663,350198,False
1109743,Just Lose It,249,702815,119606,False
2251077,Go To Sleep (Album Version Explicit),282,689426,224774,True
1176209,Bitch Please II,288,713870,125748,True
72160314,Rap God,364,770413,7090505,False
916416,Square Dance,323,567787,103248,False
916413,Business,251,669196,103248,False
1109744,When I'm Gone,280,689878,119606,False
1579906,"8 Mile (From ""8 Mile"" Soundtrack)",359,672514,162035,False
2886719592,Fuel,214,577061,614167792,True
6461435,Space Bound,279,578826,595243,False
72160310,Survival,273,639701,7090505,False
2278039,Ass Like That,265,635972,227447,False
1575472,You Don't Know,257,713145,161523,True
916447,My Dad's Gone Crazy,267,547763,103248,True
916420,Say Goodbye Hollywood,272,529365,103248,False
2278019,Never Enough,160,573421,227447,True
916412,White America,324,633025,103248,False
916436,Hailie's Song,320,640548,103248,False
3729756,Crack A Bottle,298,634172,350198,True
3729747,We Made You,270,586653,350198,False
5060528,Forever (Album Version Explicit),357,494992,464090,True
548348632,Lucky You,245,614775,72000342,True
1386509082,Killer (Remix),237,523140,233452142,True
916444,Say What You Say,309,486221,103248,True
72160325,Beautiful Pain,265,558987,7090505,True
2886719522,Habits,298,498441,614167792,True
439484722,Walk On Water,302,525405,53227232,True
1176211,Under The Influence,321,627863,125748,True
916422,Drips,285,521416,103248,True
1109736,Like Toy Soldiers,297,646986,119606,False
2321977215,Popular (From The Idol Vol. 1 Music from the HBO Original Series),215,884287,451561125,True
908604612,Blinding Lights,200,984833,137217782,False
1685337397,LA FAMA,188,958390,302867697,True
136889434,I Feel It Coming,269,940819,14652356,True
3210598411,São Paulo,302,919638,705649321,True
908604632,Save Your Tears,215,946063,137217782,False
136889400,Starboy,230,945011,14652356,True
1352360622,Save Your Tears (Remix),191,922730,225079122,True
1713175757,Moth To A Flame,234,923662,309395097,True
106506516,Can't Feel My Face,215,842720,11107272,False
1457107762,Take My Breath (Single Version),220,786721,249950322,False
3210598501,Timeless,256,924979,705649321,True
136889432,Die For You,260,888348,14652356,False
2338371075,One Of The Girls,245,884499,456489535,True
644296792,Lost in the Fire,202,815234,89510472,True
106506512,The Hills,242,903467,11107272,False
2047662477,Creepin',221,869114,382760377,True
3210598391,Cry For Me,224,882975,705649321,False
477452252,Call Out My Name,228,894710,59757482,False
83844556,Love Me Harder,236,879160,8436154,True
2164606877,Die For You (Remix),232,649652,411132237,True
1614228242,Is There Someone Else?,199,724886,285758422,False
1225758662,Earned It (Fifty Shades Of Grey),278,779520,203644252,False
2747874731,We Still Don't Trust You,253,754025,572346801,True
1614228192,Sacrifice,188,774440,285758422,False
2375967015,K-POP,185,662513,466779565,True
1059860452,Over Now,211,584585,169006562,True
908604622,In Your Eyes,237,828013,137217782,False
3210598561,The Abyss,283,818628,705649321,True
3278625241,RATHER LIE,209,731955,727466171,True
136889406,Reminder,219,757199,14652356,False
2988053201,Dancing In The Flames,220,914691,641319771,False
2247594637,Double Fantasy,268,613126,432293187,True
456011702,Pray For Me,211,807555,56065772,True
1278960402,House Of Balloons / Glass Table Girls,407,800080,215604342,False
94664198,"Where You Belong (From ""Fifty Shades Of Grey"" Soundtrack)",298,627874,9629890,False
1278960492,The Party & The After Party,459,732844,215604342,False
908859832,Heartless,200,735747,137272602,False
1543742002,One Right Now,192,634362,270644492,True
3210598381,Wake Me Up,309,717541,705649321,True
1614228212,Out of Time,214,688386,285758422,False
3210598441,Open Hearts,235,780795,705649321,False
1614226322,Take My Breath,339,550313,285757552,False
136889418,Six Feet Under,237,563205,14652356,False
3210598431,Baptized In Fear,232,716524,705649321,False
1614228292,Less Than Zero,211,689518,285758422,False
136889416,Sidewalks,231,605674,14652356,True
908604652,After Hours,362,806729,137217782,False
136889414,Stargirl Interlude,111,745458,14652356,True
3210598461,Reflections Laughing,291,664387,705649321,True
142986206,Perfect,263,963818,15478674,False
3989395981,Repeat It,191,919296,971140981,True
79875054,Photograph,258,884456,7964062,False
3663852612,Hips Don't Lie Anniversary Version,208,909890,859209172,True
79875064,Thinking out Loud,281,878396,7964062,False
139470659,Shape of You,233,968208,14996073,False
3395410481,Sapphire,179,923661,766124301,False
3303979891,Azizam,162,961388,736095581,False
141827557,Shape of You (Acoustic),223,759067,15319389,False
1666673152,Bam Bam (feat. Ed Sheeran),205,892081,298326452,True
1555231712,"Shivers (Recorded at the Centre Pompidou, Paris)",198,614300,273048582,False
1529509452,Shivers,207,825114,267392512,False
1409072752,Bad Habits,230,910815,238407992,False
2196044807,Eyes Closed,194,796028,418720487,False
678017492,I Don't Care,219,840655,96480212,True
1462929832,Visiting Hours,215,678522,251454582,False
424036432,Perfect (Acoustic),260,698868,50913962,False
435031622,Perfect Duet (with Beyoncé),259,755356,52538632,True
142986208,Galway Girl,170,806901,15478674,False
1422438472,Bad Habits (Acoustic Version),232,660463,241592402,False
142986210,Happier,207,761463,15478674,False
13651702,The A Team,258,768005,1249965,False
686630572,I Don't Care (Acoustic),238,622939,98355002,False
3343562141,Old Phone,221,568890,748941391,False
1503525962,Shivers (Acoustic Version),206,651485,261087122,False
1529509482,Overpass Graffiti,236,665520,267392512,False
142986200,Castle on the Hill,261,808605,15478674,False
79875050,Don't,219,673461,7964062,False
1592733101,Peru,187,774082,280828311,True
141827555,Castle on the Hill (Acoustic),226,579292,15319387,False
710164342,Best Part of Me (feat. YEBBA),243,601112,103115532,True
79875056,Bloodstream,300,604547,7964062,False
3537311621,Camera,215,851552,814817411,False
13651713,Give Me Love,526,647894,1249965,False
79875048,Sing,235,760409,7964062,False
144392352,Shape of You (feat. Zion & Lennox) (Latin Remix),237,544231,15659254,True
500400492,Happier (Acoustic),206,515478,63651372,False
3613279562,Camera (CYRIL Remix),163,656562,841775662,True
647297732,I See Fire,300,750894,90112062,False
142986220,Supermarket Flowers,221,703787,15478674,False
1645259512,The Joker And The Queen (feat. Taylor Swift),185,588337,293121252,True
710164312,South of the Border (feat. Camila Cabello & Cardi B),204,688116,103115532,True
3358346051,Azizam (Acoustic),160,694543,753876571,False
1938433187,Call on me (feat. Ed Sheeran),200,797927,361543547,True
707207482,BLOW,209,657238,102484542,True
3421195811,Drive (From F1® The Movie),187,661034,774770311,False
3491085941,A Little More,192,614456,799081611,False
1653237582,Bad Habits (feat. Bring Me The Horizon),250,617217,295012022,True
2116145207,Who We Love,162,569426,398626227,True
1881236417,Celestial,209,741141,349741897,False
1483825282,Nothing Else Matters (Remastered 2021),389,949142,256250622,False
1483825212,Enter Sandman (Remastered 2021),331,927758,256250622,False
424565232,Master Of Puppets,515,753402,51001312,False
575867572,One,446,814751,76955902,False
136338504,For Whom The Bell Tolls (Remastered),310,790879,14581762,False
2114570,Whiskey In The Jar,304,783379,212391,False
136332702,Seek & Destroy (Remastered),415,711668,14581190,False
1483825252,Wherever I May Roam (Remastered 2021),403,706707,256250622,False
1483825242,The Unforgiven (Remastered 2021),385,849726,256250622,False
575867532,Blackened,402,602006,76955902,False
136338502,Ride The Lightning (Remastered),396,652785,14581762,False
136338506,Fade To Black (Remastered),417,766049,14581762,False
2114514,Fuel,269,745506,212388,False
136338498,Fight Fire With Fire (Remastered),284,544475,14581762,False
424565222,Battery,312,638777,51001312,False
1483825222,Sad But True (Remastered 2021),324,750443,256250622,False
2114256,The Day That Never Comes,475,701888,212357,False
575867542,...And Justice for All,585,566838,76955902,False
2114517,The Unforgiven II,396,717057,212388,False
136332796,Hardwired,189,610850,14581202,False
3407660601,Mama Said (Remastered),318,582703,770317201,False
424565252,Welcome Home (Sanitarium),387,611025,51001312,False
2114515,The Memory Remains,279,668998,212388,True
2233010557,Lux Æterna,205,570768,428391407,False
2114668,Nothing Else Matters (Live),407,634932,212396,False
1483825272,Through the Never (Remastered 2021),242,515481,256250622,False
2114020,St. Anger,441,637243,212328,False
136338510,Escape (Remastered),263,473541,14581762,False
2114670,For Whom The Bell Tolls (Live),292,427422,212396,False
1483825262,Don't Tread on Me (Remastered 2021),240,564150,256250622,False
2114565,Turn The Page,366,647728,212391,False
136332798,"Atlas, Rise!",389,463037,14581202,False
136332800,Now That We’re Dead,419,531208,14581202,False
136338512,Creeping Death (Remastered),397,625855,14581762,False
136338508,Trapped Under Ice (Remastered),244,486159,14581762,False
136332688,The Four Horsemen (Remastered),433,565560,14581190,False
2114664,No Leaf Clover (Live),343,491268,212396,False
2114578,Am I Evil?,465,498538,212391,False
424565282,Orion,507,643638,51001312,False
1483825232,Holier Than Thou (Remastered 2021),228,553623,256250622,False
136332690,Motorbreath (Remastered),188,470346,14581190,False
2114524,Low Man's Lyric,456,456353,212388,False
2233010437,72 Seasons,460,559446,428391407,False
575867662,Dyers Eve,313,480454,76955902,False
3407648361,Bleeding Me (Remastered),498,356372,770314751,False
136332818,Spit Out The Bone,429,498850,14581202,False
136332802,Moth Into Flame,351,559181,14581202,False
3354176721,Hero of the Day (Remastered),262,528620,752580671,False
2233010447,Shadows Follow,372,524667,428391407,False
136332696,Whiplash (Remastered),249,523863,14581190,False
1236513562,Demasiadas Mujeres,153,522025,206045612,False
3345133651,DROGA,222,675945,749460251,True
1236513682,Los Tontos,194,411465,206045612,True
1236513612,Ingobernable,186,642949,206045612,True
1112702042,Tú Me Dejaste De Querer,198,659470,180440592,True
1507773472,Ateo,240,653442,262126462,True
3255030181,Antes de Morirme (feat. ROSALÍA),199,508718,719915231,True
361314781,Mala Mujer,220,575806,41511111,False
1341633282,Los Tontos (Live at NPR's Tiny Desk),250,386895,222442832,True
1236513592,Nunca Estoy,162,445321,206045612,False
1236513582,Comerte Entera,174,459361,206045612,True
1236513662,CAMBIA!,187,421312,206045612,True
587038362,Un Veneno,193,589808,78887152,True
1341633272,Me Maten (Live at NPR's Tiny Desk),242,446382,222442832,True
1236513692,Hong Kong,203,350509,206045612,True
1949476987,Una y Mil Veces (Rumba),199,403110,363504867,True
744459022,No Te Debí Besar,182,515282,109643772,True
1236513632,Un Veneno G-Mix,194,526744,206045612,True
1236513602,Párteme La Cara,167,428637,206045612,True
670455512,Ontas?,197,267528,94713062,False
475164112,Llorando en la Limo (feat. Alizzz),139,360511,59361022,True
1236513622,Nominao,175,379856,206045612,True
439864742,Guerrera,208,335093,53314262,True
807173832,Picaflor,180,566919,119038952,True
2349477385,Oliveira Dos Cen Anos,199,364058,459457995,False
1236513642,Te Olvidaste,186,365285,206045612,True
1236513672,Cuándo Olvidaré,188,336829,206045612,True
408469792,Pa Que Brille,199,180218,48479002,False
2242042127,Cuando Me Miras (feat. Enry-K),143,258284,430871147,True
1236513652,Muriendo De Envidia,182,437559,206045612,True
790202502,Yelo,189,208030,116736962,False
1656130422,La Culpa (feat. Canelita),190,312413,295730982,True
1109158692,Bien:( (feat. Rusowsky),112,245681,179600622,True
408469732,Intoxicao,206,179385,48479002,False
568490672,Booty,173,523742,75700242,True
511372702,Bien Duro,182,336047,65558512,False
1279936092,Qué Facilidad,213,249966,215894192,True
606429952,Pa' Llamar Tu Atención (feat. Mc Binn),177,320432,82146052,True
1934237467,Tranquilísimo,143,311805,360706177,True
851821202,Viene y Va,190,300986,126594712,True
408469702,Inditex,203,224996,48479002,False
1448535352,Yate,205,274533,247879262,False
1518021062,Tocarte,152,423746,264774632,True
2242042107,Still Rapping (feat. Steve Lean),89,152614,430871147,True
3255029241,Persiguiéndonos,174,212845,719914881,False
471276082,No Eres Tú,182,190989,58679382,True
1109158722,adelante_ruffdemo2016,103,194836,179600622,False
782189052,It's a Vibe,220,155857,115989192,True
405058382,De Pie,172,139832,47846672,False
408469722,No Te Pegas,200,225408,48479002,False
4603408,Billie Jean,293,971418,423368,False
555640,Beat It,258,857099,72819,False
4603400,Smooth Criminal (Remastered Radio Edit),251,981768,423368,False
15586296,Don't Stop 'Til You Get Enough,365,987623,1440807,False
831196,Human Nature,245,976546,96126,False
555639,Thriller,358,973665,72819,False
59509531,Bad (2012 Remaster),247,970859,5814011,False
4603398,They Don't Care About Us (Remastered Version),284,984073,423368,False
78213531,Chicago,245,960691,7776833,False
4603411,Man in the Mirror (Remastered Version),319,941472,423368,False
59509541,The Way You Make Me Feel (2012 Remaster),298,944096,5814011,False
59509611,Dirty Diana (2012 Remaster),281,966953,5814011,False
831216,Wanna Be Startin' Somethin',363,968466,96126,False
15593563,Remember the Time,239,955589,1441212,False
15593565,Heal the World,384,967673,1441212,False
831298,The Girl Is Mine (with Paul McCartney),222,869912,96126,True
831289,Baby Be Mine,260,862380,96126,False
15593566,Black or White,256,961979,1441212,False
15176731,Heaven Can Wait,289,931848,1398927,False
831319,Thriller,358,918169,96126,False
831206,P.Y.T. (Pretty Young Thing),239,786192,96126,False
59509561,Liberian Girl (2012 Remastered Version),233,930556,5814011,False
13129211,You Rock My World (Radio Edit),265,968115,1205152,False
8164649,You Are Not Alone,345,910445,753320,False
15586286,Rock with You (Single Version),220,925116,1440807,False
59509521,Leave Me Alone (2012 Remaster),280,831958,5814031,False
14874832,You Rock My World,309,889183,1372008,False
15593567,Who Is It,395,850279,1441212,False
78213551,Love Never Felt So Good,246,866421,7776833,True
15593561,In the Closet,392,852798,1441212,False
13129208,Black or White (Single Version),198,821006,1205152,False
5664764,Say Say Say,234,819050,517337,True
15586310,Workin' Day and Night,313,827307,1440807,False
831190,The Lady in My Life,297,774372,96126,False
13144805,Blood on the Dance Floor,254,801541,1206152,False
8164643,Stranger in Moscow,344,757717,753320,False
8164641,Scream,277,767404,753320,True
14874858,The Way You Make Me Feel (Single Version),266,804703,1372008,False
15177460,You Rock My World,337,791538,1398927,False
15177419,Unbreakable,386,688954,1398927,False
15586317,Off the Wall,246,852193,1440807,False
13129197,Don't Stop 'Til You Get Enough (2003 Edit),235,855217,1205152,False
78213534,A Place With No Name,335,712967,7776833,False
15593559,Jam,339,779879,1441212,False
59509601,I Just Can't Stop Loving You (feat. Siedah Garrett) (2012 Remaster),251,722521,5814011,True
15593568,Give In to Me,330,798447,1441212,False
59509471,Another Part of Me (2012 Remaster),234,759604,5814031,False
920114,Rockin' Robin,151,723118,103600,False
15176050,Whatever Happens,296,719827,1398927,False
15593569,Will You Be There,460,746100,1441212,True
351595631,There's Nothing Holdin' Me Back,202,906259,40146561,False
351594981,Treat You Better,189,898053,40146511,False
113418500,Stitches,207,839175,11748100,False
422203172,Use Somebody/Treat You Better (MTV Unplugged),316,693811,50607332,False
113418522,I Know What You Did Last Summer,223,885841,11748100,True
698905582,Señorita,191,878693,100856872,True
351594971,Mercy,208,814718,40146511,False
113418502,Never Be Alone,215,547416,11748100,False
378754421,There's Nothing Holdin' Me Back (Acoustic),201,665609,43918471,False
2935318981,Why Why Why,169,747037,625532191,False
504135662,In My Blood,211,776686,64341122,False
351595781,Mercy (Acoustic),219,624676,40146561,False
3087379861,The Mountain,176,613803,669034911,False
422203092,Stitches (MTV Unplugged),260,559275,50607332,False
504135682,Lost In Japan,201,597783,64341122,False
1470349542,Summer Of Love,183,574864,253100112,True
1148426902,Monster,180,712555,187735922,True
558252682,Lost In Japan (Remix),201,619903,73799132,True
672264442,If I Can't Have You,190,586249,95100972,False
1573084512,It'll Be Okay,223,757422,276932102,False
1097366382,Wonder,174,635638,177111972,False
504135712,Fallin' All In You,240,521636,64341122,False
208766981,Imagination,218,576030,21786301,False
3065456271,Heart of Gold,172,615356,663089971,False
351595681,Don't Be A Fool,216,482681,40146561,False
3591167602,HOME,159,538776,834075952,True
1165396812,Teach Me How To Love,201,542285,190869502,False
1704147217,When You're Gone,172,622946,307290107,False
113418498,Life Of The Party,214,479597,11748100,False
358286331,There's Nothing Holdin' Me Back (NOTD Remix),194,413266,41168651,True
504135772,Mutual,148,461839,64341122,False
497304792,In My Blood (Acoustic),212,434026,63126272,False
351595731,Patience,175,346583,40146561,False
109703512,Stitches (Seeb Remix),166,442252,11428844,True
1166929962,Higher,161,118940,191154962,False
351595711,Lights On,201,392926,40146561,False
504135782,Perfectly Wrong,215,558514,64341122,False
113418508,Something Big,161,555717,11748100,False
504135762,Youth,190,532218,64341122,True
208766881,Kid In Love,226,385063,21786301,False
351595641,Ruin,242,468532,40146561,False
504135672,Nervous,164,511422,64341122,False
351595751,Understand,301,320236,40146561,False
351595671,Three Empty Words,199,400952,40146561,False
101743279,"Believe (From ""Descendants""/Soundtrack Version)",208,254865,10563241,False
351595721,Honest,199,416466,40146561,False
113418526,Running Low,274,371872,11748100,False
504135692,Where Were You In The Morning?,200,415014,64341122,False
1168101432,305,187,317507,191409422,False
208766991,The Weight,183,317244,21786301,False
952788,Zombie,307,955297,107184,False
1176439,Dreams,273,794965,125767,False
1137657,Linger,274,851320,121957,False
4022781991,Dreams (Remastered 2026),273,718095,983181031,False
1176442,Ode To My Family,271,833183,125767,False
1104508,Promises,327,720241,119135,False
1104510,Just My Imagination,221,728805,119135,False
1104506,Animal Instinct,212,675813,119135,False
3788265862,Zombie (Acoustic Version),241,672356,902118292,False
1169593,Salvation,144,697965,125203,False
4022781971,I Still Do (Remastered 2026),196,610579,983181031,False
3750987372,Linger (Acoustic Version),295,639814,889071342,False
4022782001,Sunday (Remastered 2026),210,628022,983181031,False
4022782121,Sunday (2026 Stephen Street Stereo Mix),210,480528,983181031,True
3788265842,Dreams (Acoustic Version),264,491747,902118292,False
1169594,When You're Gone,296,694240,125203,False
4022782111,Dreams (2026 Stephen Street Stereo Mix),273,496224,983181031,True
1169609,Go Your Own Way,242,425165,125203,False
4022782101,I Still Do (2026 Stephen Street Stereo Mix),197,497464,983181031,True
1479107152,Why,301,500437,255152432,False
4022782131,Pretty (2026 Stephen Street Stereo Mix),136,468065,983181031,True
1176443,I Can't Be With You,187,577020,125767,False
4022782171,Wanted (2026 Stephen Street Stereo Mix),129,443402,983181031,True
4022782201,How (2026 Stephen Street Stereo Mix),171,437425,983181031,True
4022782141,Waltzing Back (2026 Stephen Street Stereo Mix),218,508636,983181031,True
449106842,Loud And Clear,165,435763,54841842,False
1176451,Just My Imagination,192,559590,125767,False
1104511,Shattered,222,424544,119135,False
1176448,Hollywood,306,432418,125767,False
4022782181,Still Can't... (2026 Stephen Street Stereo Mix),220,444082,983181031,True
4022782291,Linger (Spanish Mix 2026),225,437858,983181031,True
4022782191,I Will Always (2026 Stephen Street Stereo Mix),162,437574,983181031,True
4022782211,Put Me Down (2026 Stephen Street Stereo Mix),214,427117,983181031,True
4022782161,Linger (2026 Stephen Street Stereo Mix),274,462471,983181031,True
3761244202,Wake Me When It's Over,251,385963,892838612,False
4022782301,Dreams (Spanish Mix 2026),277,446543,983181031,True
980121,Everything I Said,233,352845,109054,False
4022782281,Linger (Iain Cook Remix / Edit),281,407550,983181031,True
1176447,When You're Gone,232,594280,125767,False
3788265892,Ode to My Family (Acoustic Version),283,496868,902118292,False
4022782241,Liar,141,417660,983181031,False
4022782261,Pretty (Pret A Porter Movie Mix),233,408154,983181031,False
4022782151,Not Sorry (2026 Stephen Street Stereo Mix),262,465311,983181031,True
1104518,Dying In The Sun,211,389761,119135,False
1176449,Promises (Radio Edit),211,475706,125767,False
1176444,Ridiculous Thoughts,271,411775,125767,False
1176458,Stars,211,368641,125767,False
3761244322,In the End,176,356672,892838612,False
3498055231,I Can't Be With You (2025 Remastered),187,453020,801396511,False
1176446,Free To Decide,264,476683,125767,False
3788156282,Stupid Girl (Remastered 2015),259,680810,902085852,False
3803564062,I Think I'm Paranoid,217,625977,905339012,False
3806139502,#1 Crush (Nellee Hooper Mix),290,499196,906140822,True
3788156222,Only Happy When It Rains,236,572223,902085852,False
3788156532,Cherry Lips (Go Baby Go),191,519909,902085892,False
3803564072,When I Grow Up,204,416589,905339012,False
3803564112,Push It,241,553847,905339012,False
3803564262,You Look So Fine,324,432171,905339012,False
3803564052,Temptation Waits,276,452541,905339012,False
3803564082,Medication,246,306106,905339012,False
3803564122,The Trick Is To Keep Breathing,252,403995,905339012,False
3788156272,Vow,270,465650,902085852,False
3788153142,Bad Boyfriend,228,244250,902084652,False
3794204252,Tell Me Where It Hurts (Remastered 2022),250,249558,903779802,False
3788135232,Hold,273,423597,902082022,False
3788156252,Not My Idea,221,334018,902085852,False
17568679,Blood For Poppies,218,465375,1645039,False
3803564092,Special,223,425658,905339012,False
3788156322,Milk,232,451230,902085852,False
3788156292,Dog New Tricks,237,345762,902085852,False
3794204202,Why Do You Love Me (Remastered 2022),232,165967,903779802,False
3794204212,Bleed Like Me (Remastered 2022),239,121359,903779802,False
3794204032,Subhuman,276,187527,903779802,False
3788153132,Song To The Siren,255,315985,902084652,False
3806180322,Godhead,248,302243,906148182,False
3788156202,Supervixen,235,407909,902085852,False
3803564202,Sleep Together,243,297866,905339012,False
3794045502,Betcha (B-Side / 2024 Remaster),280,240824,903739902,False
3840480481,Not Your Kind Of People,297,416558,917753711,False
3788156572,Nobody Loves You,307,230821,902085892,False
3794204162,Androgyny,189,206033,903779802,False
3794204192,Shut Your Mouth,206,161366,903779802,False
3788156242,As Heaven Is Wide,292,305759,902085852,False
3788156482,Androgyny,189,358838,902085892,False
3788156212,Queer,276,567468,902085852,False
3788156312,Fix Me Now,283,303240,902085852,False
1761526417,The World Is Not Enough,235,552137,320941567,False
3803518012,Cities In Dust,262,273659,905334002,False
3803564482,Lick The Pavement,162,162516,905339062,False
3788135192,There's No Future In Optimism,200,464341,902082022,False
3794204302,Big Bright World,215,107300,903779802,False
3794204182,Breaking Up the Girl,213,134691,903779802,False
3794204242,Run Baby Run (Remastered 2022),238,147823,903779802,False
3803564152,Dumb,230,304848,905339012,False
3803564232,Wicked Ways,222,263346,905339012,False
3794045272,Happy Home (2024 Remaster),360,81976,903739902,False
3788135242,Have We Met (The Void),311,388084,902082022,False
3840482531,I Hate Love,234,103437,917753751,False
3788135282,Get Out My Face AKA Bad Kitty,276,298245,902082022,False
3788153122,Revenge And Hurt,345,123197,902084652,False
3104486,Call Me,212,854839,300209,False
3104498,One Way Or Another,211,783045,300209,False
3121608,Heart Of Glass (Single Version / Remastered),251,779434,301232,False
3805884212,Maria,249,674189,906066232,False
3104483,Atomic,230,721593,300209,False
3167194,The Tide Is High (Remastered 2001),279,657359,304164,False
3122252,Heart Of Glass (Special Mix),273,607725,301274,False
3100596,One Way Or Another (Remastered 2001),214,590830,299943,False
13569204,The Tide Is High,279,571571,1242261,False
418231482,11:59,199,263486,49988752,False
3100595,Hanging On The Telephone (Remastered 2001),142,464717,299943,False
3104489,Dreaming,186,418731,300209,False
3104490,Rapture,297,568994,300209,False
3805783022,Maria (2025 Remaster),291,526942,906041622,False
418231512,Heart Of Glass,229,579078,49988752,False
3154171,Heart Of Glass (Disco Version),350,271468,303293,False
3100629,The Hardest Part (Remastered 2001),220,161347,299945,False
128945632,Heart Of Glass (Crabtree Remix),384,485153,13632500,True
3100636,Atomic (Remastered 2001),275,484449,299945,False
3100630,Union City Blue (Remastered 2001),200,247112,299945,False
3104488,Denis,138,329069,300209,False
3100631,Shayla (Remastered),235,298456,299945,False
3153265,Call Me,212,314801,303161,False
3400979,For Your Eyes Only (Remastered),185,188280,323151,False
3100633,Accidents Never Happen (Remastered 2001),250,253026,299945,False
418231522,I'm Gonna Love You Too,123,167455,49988752,False
3104495,Union City Blue (Single Version),198,210209,300209,False
3783015882,Long Time,275,296211,900563502,False
3100603,Sunday Girl (Remastered 2001),185,336317,299943,False
418231452,Fade Away And Radiate,237,259531,49988752,False
3174551451,Heart of Glass,185,237576,694277141,True
3104485,Sunday Girl,194,418462,300209,False
4305093,Contact In Red Square (Remastered),116,38381,400437,False
4305095,"(I'm Always Touched By Your) Presence, Dear (Remastered 2001)",162,37547,400437,False
4305103,Rifle Range (Remastered 2001),217,40551,400437,False
3151635,Island Of Lost Souls (Remastered 2001),284,110698,303050,False
418231442,Picture This,176,218643,49988752,False
4305097,Detroit 442 (Remastered),144,49152,400437,False
4305089,Rip Her To Shreds (Remastered 2001),200,64790,400437,True
4305091,X Offender (Remastered 2001),191,54651,400437,False
3100648,In The Sun (Remastered 2001),160,308933,299946,False
418231472,I Know But I Don't Know,233,201872,49988752,False
418231532,Just Go Away,201,183794,49988752,False
3167192,Live It Up (Remastered 2001),250,180097,304164,False
418231492,Will Anything Happen,175,213771,49988752,False
1327949352,Maria (Live),289,307104,221103082,False
13569213,War Child,240,179783,1242261,False
3104507,Call Me (Theme From American Gigolo),484,222027,300209,False
3100632,Eat To The Beat (Remastered),155,202623,299945,False
3167197,Do The Dark (Remastered 2001),233,178760,304164,False
661228,Don't Get Me Wrong,226,729015,80278,False
3590282,I'll Stand by You,238,837055,339077,False
1519723062,Precious (2018 Remaster),215,443485,265114512,False
661218,Brass in Pocket,184,661735,80278,False
740361,Back on the Chain Gang (2007 Remaster),231,602981,87875,False
70093339,Private Life,385,323064,6874367,False
661229,Hymn to Her,269,367289,80278,False
747816,I Go to Sleep,177,602455,88596,False
740354,Middle of the Road (2007 Remaster),254,503665,87875,False
759261,Angel of the Morning (2006 Remaster),210,346675,89531,False
3590283,I'm a Mother,317,280306,339077,False
740222,Hymn to Her (2007 Remaster),298,346859,87855,False
661219,Talk of the Town,193,218149,80278,False
759410,The Homecoming (Live),259,138003,89531,False
759062,Thumbelina (2006 Remaster),199,34585,89531,False
3794269892,You Can't Hurt a Fool,199,312060,903794432,False
13558766,Boots of Chinese Plastic (Edit),151,208383,1241662,False
70093334,Tattooed Love Boys,179,294533,6874367,False
3590264,Back on the Chain Gang (Live),257,340924,339076,False
3590250,Human (Tin Tin Out Mix),235,293096,339075,False
758967,Talk of the Town (2006 Remaster),195,62227,89531,False
1255141862,Break Up the Concrete,161,224084,210212012,False
661222,Message of Love,205,334232,80278,False
661226,Show Me,248,231074,80278,False
661225,2000 Miles,219,393721,80278,False
740163,My Baby (2007 Remaster),247,336870,87855,False
3803462902,I'll Stand By You,255,311172,905328702,False
740395,My City Was Gone (2007 Remaster),325,367562,87875,False
1949999077,Where Has Every Body Gone (1992 Remaster),217,219793,363619847,False
3772034302,Junkie Walk,164,143630,896736262,False
661221,Day After Day,241,199040,80278,False
3590288,Forever Young,304,382401,339077,False
70093342,Mystery Achievement,323,307816,6874367,False
3294483751,Back On The Chain Gang (Live),239,166187,732731521,False
2319289475,I Think About You Daily,385,201883,450737795,False
759204,Sense of Purpose (2006 Remaster),183,190968,89531,False
759000,Bad Boys Get Spanked (2006 Remaster),249,22467,89531,False
747834,Talk of the Town,165,235488,88596,False
70093336,The Wait,215,286830,6874367,False
70093332,The Phone Call,149,130779,6874367,False
13558745,Kid (2009 Remaster),185,137343,1241662,False
740259,Don't Get Me Wrong (Live),230,395136,87855,False
759223,Bold as Love (2006 Remaster),205,148388,89531,False
759312,Creep (Live; 2006 Remaster),242,430799,89531,False
2405715965,Losing My Sense Of Taste,253,261154,474929395,False
759249,977 (2006 Remaster),234,3095,89531,False
759334,Everyday Is Like Sunday (2006 Remaster),220,218466,89531,False
3772034242,The Buzz,230,257164,896736262,False
661227,Thin Line Between Love and Hate,220,156898,80278,False
661216,Stop Your Sobbing,158,319339,80278,False
4005572401,No Quiero Más Canciones Tristes,208,386416,977100241,False
3138145,"Marta, Sebas, Guille y los demás",223,397447,302305,False
3138142,Días de verano,208,344502,302305,False
3376533,Moriría por vos,227,297284,321089,False
3376749,Cómo hablar,241,336468,321117,False
2787809692,¿Qué vas a saber?,251,190124,583457542,True
3138141,El universo sobre mí,249,399389,302305,False
3376633,Toda la noche en la calle,225,279146,321105,False
3376631,Sin ti no soy nada,268,369645,321105,False
3138151,Resurrección,174,221456,302305,False
3220361791,Cuando Suba La Marea,265,431823,708827381,False
3240263311,Unas Veces Se Gana y Otras Se Pierde,230,240910,715226291,False
3138143,Revolución,232,238305,302305,False
3376824,Kamikaze,222,208021,321135,False
3376634,Te necesito,263,199242,321105,False
3376755,El día de Año Nuevo,238,84057,321117,False
1153153772,Despertar,188,226549,188661182,True
3223242661,Llévame Muy Lejos,336,168197,709658621,False
3240263341,Lo Que Nos Mantiene Unidos,258,207816,715226291,False
3085372691,Ahí Estás,196,227494,668521151,False
3138146,Esta madrugada,255,193057,302305,False
2999407851,Libre,159,161511,644664171,False
3240263371,Nadie Nos Recordará,238,186857,715226291,False
3085372701,No lo Entiendo,210,165169,668521151,False
61877795,Resurrección (2012 Remaster),174,134519,6067558,False
3085372751,Dolce Vita,215,238262,668521151,False
3085372721,Eso que te Vuela la Cabeza,199,197138,668521151,False
3220361591,Hacia Lo Salvaje,254,202068,708827371,False
80872214,Tarde de domingo rara,199,50207,8083174,False
3376636,Salir corriendo,252,206853,321105,False
3085372731,Podría Haber Sido Yo,231,195133,668521151,False
708373532,Mares Igual Que Tú,219,234282,102751482,False
3376756,El mundo al revés,278,114724,321117,False
3266782101,Si Se Calla El Cantor (Juntxs por una #CulturaSegura),204,201413,723570971,True
4216696,"Tarde de domingo rara (Live at Palacio de los Deportes, Madrid)",232,63110,392844,False
3085372781,La Suerte,175,157505,668521151,False
3240263331,La Ciudad Maldita,258,150652,715226291,False
80872218,Las chicas de mi barrio,271,19669,8083174,False
3376637,Estrella de mar,257,131318,321105,False
3240263321,Nocturnal,207,173884,715226291,False
3376754,Volverá la suerte,265,33299,321117,False
3376643,Te necesito (Acústico),245,375070,321105,True
3240263351,500 Vidas,257,141461,715226291,False
61877697,Estrella de mar (2012 Remastered Version),346,102295,6067552,False
3376757,Siento que te extraño,216,113811,321117,False
3138153,Salta,224,166217,302305,False
3376758,Nada de nada,221,86123,321117,False
3376752,Una pequeña parte del mundo,207,67477,321117,False
708373562,Nuestro Tiempo,193,116405,102751482,False
3085372821,Pájaros,215,145635,668521151,False
3098301,"It Must Have Been Love (From the Film ""Pretty Woman"")",259,851456,299784,False
1663983562,Listen To Your Heart,328,717648,297617122,False
3092167,The Look,237,794792,299390,False
3098304,Spending My Time,275,708266,299784,False
89388951,How Do You Do!,189,587284,9049085,False
89388973,Joyride (Single Version),241,480736,9049085,False
89388945,Dressed for Success (US Single Mix),251,527873,9049085,False
89388953,Wish I Could Fly,279,535353,9049085,False
3355885621,Sleeping In My Car,226,463055,753142401,False
89388947,Dangerous,229,538236,9049085,False
89388977,Listen to Your Heart (Swedish Single Edit),314,654490,9049085,False
3098312,Salvation,277,345374,299784,False
1523248472,Joyride,263,550364,265901582,False
126423965,The Look (Live on MTV Unplugged),313,487796,13315821,False
89388961,Fading Like A Flower (Every Time You Leave),230,375025,9049085,False
3136441,Un día sin tí (Spending My Time),279,392411,302183,False
97085036,It Must Have Been Love (Christmas for the Broken Hearted),287,538784,9883740,False
3136444,No Se Si Es Amor (It Must Have Been Love),282,383644,302183,False
1523248502,Knockin' On Every Door,235,265557,265901582,False
3355885591,Crash! Boom! Bang!,301,388242,753142401,False
89388969,Opportunity Nox,178,265296,9049085,False
89388963,Crash! Boom! Bang! (Radio Edit),266,470370,9049085,False
3136447,Habla El Corazón (Listen to Your Heart),311,231873,302183,False
126424015,She Doesn't Live Here Anymore,244,204773,13315825,False
1643287722,Alguien (Anyone),271,315201,292625002,False
72546558,How Do You Do! (Live from Santiago 2012),187,241447,7132747,False
1663983472,Paint,210,335046,297617122,False
3201697501,Dressed For Success,249,209742,702650651,False
2140672267,Silver Blue,246,276263,405123167,False
951419912,"Help! (Abbey Road Sessions November 15, 1995)",172,327041,146399902,False
89388967,Queen of Rain,295,526529,9049085,False
89388995,You Don't Understand Me,268,304978,9049085,False
2140672207,The Rain,289,378300,405123167,False
3197922551,What's She Like?,254,333485,701495531,False
2140672307,Things Will Never Be The Same (Live In Zürich),192,260348,405123167,False
1663983462,Sleeping Single,277,267804,297617122,False
3355885631,Vulnerable,300,130680,753142401,False
3092174,Sleeping in My Car (Single Version),214,302315,299390,False
3201745991,(Do You Get) Excited?,255,175637,702667221,False
3098306,Almost Unreal,232,308953,299784,False
126423983,June Afternoon,251,235414,13315825,False
89388983,Milk and Toast and Honey,244,543463,9049085,False
1523248602,Things Will Never Be The Same,266,376489,265901582,False
89389001,"The Sweet Hello, the Sad Goodbye (Bassflow Remake)",288,253257,9049085,False
2140672277,Here Comes The Weekend,250,241652,405123167,False
72546562,The Look (Live from Santiago 2012),393,279975,7132747,False
89388985,Stars,238,353693,9049085,False
89388959,The Big L.,265,410033,9049085,False
2411805155,Listen To Your Heart (Alle Farben Remix),146,363651,476544405,True
3429210,Fading Like a Flower,185,297935,325507,True
884035,The Winner Takes It All,296,930393,100323,False
884041,Gimme! Gimme! Gimme! (A Man After Midnight),289,936858,100323,False
884025,Dancing Queen,231,954438,100323,False
76376863,Lay All Your Love On Me,274,881960,7573078,False
884033,Super Trouper,253,809174,100323,False
884030,Mamma Mia,212,839630,100323,False
76376891,Angeleyes,260,692094,7573078,False
884040,Voulez-Vous,305,822874,100323,False
884028,Take A Chance On Me,243,751156,100323,False
3063559,Chiquitita (Spanish Version),326,524720,258980,False
76376889,Waterloo,166,760169,7573078,False
884036,"Money, Money, Money",185,816488,100323,False
884037,SOS,202,742855,100323,False
76376896,"Honey, Honey",175,661259,7573078,False
20535911,Slipping Through My Fingers,233,813506,1956351,False
76376898,Our Last Summer,259,677357,7573078,False
76376876,Chiquitita,326,809137,7573078,False
76376886,One Of Us,234,536958,7573078,False
1536786392,Don't Shut Me Down,239,625222,269122192,False
2545086,Summer Night City,214,310470,249353,False
884039,Fernando,255,553103,100323,False
1073822242,Thank You For The Music,229,226205,171925772,False
884026,"Knowing Me, Knowing You",242,717021,100323,False
76376887,The Name Of The Game,290,461123,7573078,False
20535841,The Visitors,349,228716,1956351,False
76019349,Hasta Manana,189,513945,7534614,False
76376892,The Day Before You Came,344,581733,7573078,False
884042,Does Your Mother Know,193,654380,100323,False
884034,I Have A Dream,284,654446,100323,False
1536786452,Ode To Freedom,212,402675,269122192,False
76376894,"I Do, I Do, I Do, I Do, I Do",195,570662,7573078,False
1184104,"My Love, My Life",232,557390,126502,False
1536786442,No Doubt About It,176,338100,269122192,False
1536786372,When You Danced With Me,170,466216,269122192,False
76376907,Under Attack,225,429663,7573078,False
2545085,Kisses Of Fire,196,443793,249353,False
1184102,When I Kissed The Teacher,180,324474,126502,False
1184477,"One Man, One Woman",265,422367,126543,False
1536786402,Just A Notion,212,434753,269122192,False
20535881,I Let The Music Speak,320,377173,1956351,False
1536786432,Bumblebee,237,359197,269122192,False
1184105,Dum Dum Diddle,173,426038,126502,False
76376914,I've Been Waiting For You,219,434053,7573078,False
76376899,On And On And On,218,420238,7573078,False
2526317,Cassandra,289,222376,247657,False
76376918,That's Me,197,360294,7573078,False
1536786382,Little Things,188,374747,269122192,False
76376901,I Wonder (Departure),274,366479,7573078,False
76376895,So Long,186,448193,7573078,False
1536786362,I Still Have Faith In You,309,527538,269122192,False
80274512,Bring Me To Life,235,976882,8015598,False
80274510,Going Under,214,838552,8015598,False
80274516,My Immortal,264,819632,8015598,False
3918824431,Who Will You Follow,235,776175,946437631,False
80273734,Call Me When You're Sober,214,709950,8015538,False
80273738,Lithium,222,661658,8015538,False
3240116411,"Afterlife (from the Netflix Series ""Devil May Cry"")",249,687611,715169031,False
80276282,"Haunted (Live From Le Zénith,France/2004)",244,324668,8015746,False
80274514,Everybody's Fool,195,726152,8015598,False
80274532,My Immortal (Band Version),273,696718,8015598,False
80273736,Weight Of The World,217,466955,8015538,False
80274520,Tourniquet,278,615560,8015598,False
80276288,"Everybody's Fool (Live From Le Zénith,France/2004)",220,342003,8015746,False
80276300,"Bring Me To Life (Live From Le Zénith,France/2004)",283,432133,8015746,False
80276292,"My Last Breath (Live From Le Zénith,France/2004)",233,286603,8015746,False
3384099511,Fight Like A Girl (feat. K.Flay),180,495567,762429311,True
80276284,"Going Under (Live From Le Zénith,France/2004)",237,345463,8015746,False
80276302,"Tourniquet (Live From Le Zénith,France/2004)",257,289337,8015746,False
80276286,"Taking Over Me (Live From Le Zénith,France/2004)",237,313109,8015746,False
80276296,"Breathe No More (Live From Le Zénith,France/2004)",213,321421,8015746,False
80276294,"Farther Away (Live From Le Zénith,France/2004)",302,301598,8015746,False
80273756,Good Enough,331,493269,8015538,False
142342821,Breathe No More (B-Side Version),229,419895,15385387,False
80274530,Whisper,327,588816,8015598,False
142342819,Farther Away,239,385170,15385387,False
80274528,My Last Breath,247,578036,8015598,False
80273732,Sweet Sacrifice,185,583560,8015538,False
80859568,What You Want,220,466093,8081908,False
505867052,Hi-Lo (feat. Lindsey Stirling) (Radio Edit),256,329411,64629052,True
80859574,My Heart Is Broken,269,513160,8081908,False
80276290,"Thoughtless (Live From Le Zénith,France/2004)",277,354002,8015746,False
80859570,Made Of Stone,214,429345,8081908,False
80276306,"Whisper (Live From Le Zénith,France/2004)",343,285893,8015746,False
80276304,"Imaginary (Live From Le Zénith,France/2004)",325,281525,8015746,False
142342817,Missing,255,480395,15385387,False
1575581452,Across The Universe,222,351066,277422652,False
80859548,The Change,222,376807,8081906,False
80859558,Sick,210,339355,8081906,False
80274522,Imaginary,256,599152,8015598,False
80274518,Haunted,185,601602,8015598,False
80274524,Taking Over Me,228,609308,8015598,False
80273744,Lacrymosa,215,461489,8015538,False
80274526,Hello,220,604255,8015598,False
425579242,My Heart Is Broken,273,354852,51171052,False
2464179645,Bring Me To Life (Demo / Remastered 2023),234,412248,490724565,False
80859576,The Other Side,245,404157,8081908,False
142342835,Secret Door,233,252790,15385387,False
425579232,Hi-Lo,306,276986,51171052,False
799180432,The Chain,252,348107,118080852,False
425579222,Never Go Back,290,325886,51171052,False
351553511,Hard Times,182,738262,40142511,False
65732144,Ain't It Fun,296,696200,6443604,False
4288426,The Only Exception,267,701243,398869,False
2723257,Decode (Twilight Soundtrack Version),261,744877,263017,False
3829140,Misery Business,211,781875,356913,False
4288431,All I Wanted,225,714660,398869,False
65732147,Still into You,216,737718,6443604,False
2365725855,My Hero (Acoustic),225,265415,463865615,False
3829144,crushcrushcrush,189,669824,356913,False
4288422,Ignorance,218,625798,398869,False
5094562,I Caught Myself (Twilight Soundtrack Version),235,465905,467339,False
358658201,Rose-Colored Boy,212,518440,41232611,False
4288424,Brick by Boring Brick,253,596370,398869,False
2471250071,C’est Comme Ça (Re: Wet Leg),144,463335,492701101,True
2134998317,Crave,235,426688,403447057,False
804845,Emergency,240,511677,93746,False
2608380582,Burning Down the House,218,505394,531119632,False
2134998327,Thick Skull,232,379962,403447057,False
3829138,That's What You Get,220,638652,356913,False
5094568,Decode (Acoustic Version),267,342370,467339,False
1928493937,This Is Why,207,378990,359890017,False
358658231,Fake Happy,235,464023,41232611,False
2134998257,Running Out Of Time,192,470483,403447057,False
3829146,Fences,198,436213,356913,False
4288430,Misguided Ghosts,181,385213,398869,False
2134998297,Figure 8,204,394860,403447057,False
12226253,Monster (Transformers Soundtrack Version),200,516196,1123422,False
3829145,We Are Broken,218,404296,356913,False
2134998287,You First,245,429643,403447057,False
2134998307,Liar,261,413413,403447057,False
4288421,Careful,230,496391,398869,False
4288427,Feeling Sorry,185,341242,398869,False
3835818,Misery Business (Single Version),198,356623,356019,False
3829141,When It Rains,215,429569,356913,False
358658211,Told You So,188,448261,41232611,False
804834,Pressure,185,542776,93746,False
4288425,Turn It Off,259,396708,398869,False
90467149,Part II,281,225154,9170563,False
65732143,Interlude: Moving On,90,321240,6443604,False
4288423,Playing God,182,486271,398869,False
3829142,Let the Flames Begin,198,473891,356913,False
65732146,Last Hope,309,484862,6443604,False
65732153,Interlude: I'm Not Angry Anymore,52,447602,6443604,False
358658301,Tell Me How,260,400226,41232611,False
2134998267,C’est Comme Ça,149,336404,403447057,False
3829137,"For a Pessimist, I'm Pretty Optimistic",228,467790,356913,False
3829139,Hallelujah,203,420454,356913,False
2134998247,The News,187,396665,403447057,False
379107181,Hello Cold World,203,287119,43965871,False
90467173,Escape Route,177,294387,9170563,False
597823,Rosas,236,621698,75353,False
597817,Puedes Contar Conmigo,236,515097,75353,False
2221409,Inmortal,247,406058,222342,False
3713017612,Todos Estamos Bailando La Misma Canción,248,386108,876078232,False
597820,La Playa,247,567386,75353,False
597818,Cuídate,168,515059,75353,False
14953998,Ay Haiti!,311,505131,1378999,True
597822,Deseos de Cosas Imposibles,188,464471,75353,False
534917,Dulce Locura,229,432512,71185,False
868066,Pop,151,349482,99027,False
1066229062,Sirenas,219,320649,170344732,False
534916,Muñeca de Trapo,234,483767,71185,False
1025677,20 de Enero,225,408811,112668,False
2221410,Jueves,239,521990,222342,False
988834,Geografía,200,374654,109801,False
71587163,El Primer Día del Resto de Mi Vida Directo Primera Fila,265,406266,7033906,False
13621025,La Niña Que Llora en Tus Fiestas,158,327991,1247174,False
871760,El 28,168,261075,99279,False
868063,Paris,226,327141,99027,False
2221408,El Ultimo Vals,201,387465,222342,False
1025693,Cuéntame al Oido,190,310540,112668,False
988840,Vestido Azul,190,362323,109801,False
13621028,Cometas por el Cielo,220,255503,1247174,False
6075026,Ay Haiti! (Jelly Rmx Edit),290,347657,554467,True
871775,Dile al Sol,216,166323,99279,False
871870,Soñaré,214,287014,99279,False
13621026,Dia Cero,225,229212,1247174,False
1066229022,Durante una Mirada,251,326501,170344732,False
13621027,Paloma Blanca,250,209203,1247174,False
135386220,Verano,260,298854,14460488,False
135386226,Camino de Tu Corazón,198,219368,14460488,False
868061,Soledad,232,335197,99027,False
989265,La Playa,392,217135,109833,False
868085,Tantas Cosas Que Contar,233,254908,99027,False
2221412,Cumplir un Año Menos,214,218157,222342,False
2221416,Palabras para Paula,257,224288,222342,False
1025702,En Mi Lado del Sofá,210,185705,112668,False
135386218,Diciembre,225,234036,14460488,False
868099,Desde el Puerto,224,190067,99027,False
988837,Tu y Yo,201,257629,109801,False
1374469712,Otra Vez Me Has Sacado a Bailar,221,235553,230646752,False
871763,Pesadilla,258,209927,99279,False
597829,Nadie Como Tú,204,363484,75353,False
868070,Mariposa,242,295130,99027,False
1066229092,¿Lo Ves?,209,225424,170344732,False
868073,Tu Pelo,237,220581,99027,False
868072,La Chica del Gorro Azul,215,254333,99027,False
135386222,Esa Chica,284,233251,14460488,False
868068,Dicen Que Dicen,201,206143,99027,False
534918,Perdida,260,240479,71185,False
